[1,0,0,[["cc.JsonAsset",["_name","json"],1]],[[0,0,1,3]],[[0,"Level_2",{"Level":2,"GameMode":"Pet","BallNum":20,"GoalNum":8,"ColorNum":4,"Star1Score":5000,"Star2Score":20000,"Star3Score":30000,"TotalRow":0,"Skill":[0,0,0,0],"SkillChargeNum":[0,0,0,0],"BubbleMap":[3,3,3,3,3,3,3,3,3,3,3,3,2,2,2,2,2,3,3,2,2,4,4,1,1,1,102,2,3,103,2,102,2,104,4,1,1,2,2,3,3,3,2,2,4,4,4,4,4,4,4,3,3,1,1,3,3,3,104,4,2,102,2,2,1,101,1,3,3,4,4,2,2,2,2,2,1,1,3,3,3,1,1,4,4,4,2,2,2,3,2,2,1,1,1,4,4,3,3,103,3,2,2,2,1,1,4,4,4,3,3,3,3,2,2,0,0,0,0,0,0,0,0,0,0,0,0],"BubbleOrder":[0,0,0,0,0,0,0,0,0,0,0,0,0,0,0,0,0,0,0,0,0,0,0,0,0,0,0,0,0,0]}]],0,0,[],[],[]]