{"paths":{},"types":[],"uuids":["20pNEAGl5JGoo4N1huAniY","42opJQuXRM+7xkXOzThgZC","9dAwYxh+5D4bo3n9tORfs8","b6P5WQXm5F34LB3koYbGlW","bbAGy0kotLrojjk7OMeq6S","d9wYgwNO5J257zAKladwqj","13vBOx65NBcrAsLySjx08a","3fgUQ0EDlHibok1hPFZW5a","50Z0pu5mdLgKyqGVD+2Nrt","52FCkSgdFPRK20ROSzM8YD","9eLwwqJK5FkppS1sj4GLpD","ce00PM/flHob5TEDqUT/9V","dbAytt0zJMH5lfbyPfFOsi","e38PbccYlHoaDH1zMOz4s/","e9oljAmIlHbbetZZEO041D","ecpdLyjvZBwrvm+cedCcQy"],"scenes":{"db://assets/scence/loading.fire":2},"redirect":[15,0],"deps":["internal"],"packs":{"0b486da17":[6,0,7,1,8,9,2,10,3,4,11,5,12,13,14]},"name":"start-scene","importBase":"import","nativeBase":"native","debug":false,"isZip":false,"encrypted":false,"versions":{"import":["0b486da17","81ddd"],"native":[0,"cf96a",1,"c63b7",3,"38a23",4,"03fdb",5,"6c588"]}}