{"paths":{"0":["pplgame/level/Level_363",0],"1":["pplgame/level/Level_390",0],"2":["hmk/mode_2/hk_1",0],"3":["pplgame/level/Level_128",0],"4":["pplgame/level/Level_300",0],"5":["pplgame/level/Level_512",0],"6":["pplgame/level/Level_168",0],"7":["pplgame/level/Level_487",0],"8":["pplgame/level/Level_611",0],"9":["pplgame/level/Level_234",0],"10":["pplgame/level/Level_357",0],"11":["pplgame/level/Level_610",0],"12":["pplgame/level/Level_94",0],"13":["pplgame/level/Level_155",0],"14":["pplgame/level/Level_270",0],"15":["pplgame/level/Level_115",0],"16":["pplgame/level/Level_180",0],"17":["pplgame/level/Level_530",0],"18":["pplgame/level/Level_449",0],"19":["pplgame/level/Level_599",0],"20":["pplgame/level/Level_98",0],"21":["pplgame/level/Level_455",0],"22":["pplgame/level/Level_561",0],"23":["pplgame/level/Level_146",0],"24":["pplgame/level/Level_362",0],"25":["pplgame/level/Level_114",0],"26":["conf/preload",0],"27":["pplgame/level/Level_397",0],"28":["pplgame/level/Level_15",0],"29":["pplgame/level/Level_384",0],"30":["pplgame/level/Level_38",0],"31":["pplgame/level/Level_370",0],"32":["pplgame/level/Level_457",0],"33":["pplgame/level/Level_606",0],"34":["pplgame/level/Level_297",0],"35":["hmk/mode_4/hk_0",0],"36":["pplgame/level/Level_208",0],"37":["pplgame/level/Level_336",0],"38":["pplgame/level/Level_517",0],"39":["pplgame/level/Level_97",0],"40":["pplgame/level/Level_36",0],"41":["pplgame/level/Level_529",0],"42":["pplgame/level/Level_615",0],"43":["pplgame/level/Level_540",0],"44":["pplgame/level/Level_605",0],"45":["pplgame/level/Level_117",0],"46":["pplgame/level/Level_595",0],"47":["conf/guaishou_xiaochu_tuijian_wx",0],"48":["pplgame/level/Level_92",0],"49":["pplgame/level/Level_322",0],"50":["pplgame/level/Level_543",0],"51":["pplgame/level/Level_428",0],"52":["pplgame/level/Level_445",0],"53":["pplgame/level/Level_224",0],"54":["pplgame/level/Level_403",0],"55":["pplgame/level/Level_194",0],"56":["pplgame/level/Level_26",0],"57":["pplgame/level/Level_96",0],"58":["pplgame/level/Level_43",0],"59":["pplgame/level/Level_395",0],"60":["pplgame/level/Level_134",0],"61":["pplgame/level/Level_582",0],"62":["pplgame/level/Level_553",0],"63":["pplgame/level/Level_416",0],"64":["pplgame/level/Level_564",0],"65":["pplgame/level/Level_432",0],"66":["pplgame/level/Level_325",0],"67":["pplgame/level/Level_29",0],"68":["pplgame/level/Level_156",0],"69":["pplgame/level/Level_609",0],"70":["pplgame/level/Level_219",0],"71":["pplgame/level/Level_294",0],"72":["pplgame/level/Level_8",0],"73":["pplgame/level/Level_255",0],"74":["pplgame/level/Level_284",0],"75":["pplgame/level/Level_612",0],"76":["pplgame/level/Level_425",0],"77":["pplgame/level/Level_348",0],"78":["pplgame/level/Level_149",0],"79":["pplgame/level/Level_525",0],"80":["pplgame/level/Level_518",0],"81":["pplgame/level/Level_6",0],"82":["pplgame/level/Level_459",0],"83":["hmk/mode_5/hk_1",0],"84":["pplgame/level/Level_21",0],"85":["pplgame/level/Level_165",0],"86":["pplgame/level/Level_139",0],"87":["pplgame/level/Level_76",0],"88":["pplgame/level/Level_323",0],"89":["pplgame/level/Level_174",0],"90":["pplgame/level/Level_591",0],"91":["pplgame/level/Level_589",0],"92":["pplgame/level/Level_16",0],"93":["pplgame/level/Level_409",0],"94":["pplgame/level/Level_53",0],"95":["pplgame/level/Level_448",0],"96":["pplgame/level/Level_410",0],"97":["pplgame/level/Level_590",0],"98":["pplgame/level/Level_175",0],"99":["pplgame/level/Level_435",0],"100":["pplgame/level/Level_210",0],"101":["pplgame/level/Level_197",0],"102":["pplgame/level/Level_125",0],"103":["pplgame/level/Level_493",0],"104":["pplgame/level/Level_73",0],"105":["pplgame/level/Level_50",0],"106":["pplgame/level/Level_185",0],"107":["pplgame/level/Level_585",0],"108":["pplgame/level/Level_372",0],"109":["pplgame/level/Level_120",0],"110":["pplgame/level/Level_299",0],"111":["pplgame/level/Level_470",0],"112":["pplgame/level/Level_239",0],"113":["pplgame/level/Level_521",0],"114":["pplgame/level/Level_65",0],"115":["pplgame/level/Level_246",0],"116":["pplgame/level/Level_196",0],"117":["pplgame/level/Level_527",0],"118":["pplgame/level/Level_478",0],"119":["pplgame/level/Level_376",0],"120":["pplgame/level/Level_193",0],"121":["pplgame/level/Level_280",0],"122":["pplgame/level/Level_317",0],"123":["pplgame/level/Level_404",0],"124":["pplgame/level/Level_424",0],"125":["pplgame/level/Level_494",0],"126":["pplgame/level/Level_102",0],"127":["pplgame/level/Level_203",0],"128":["pplgame/level/Level_603",0],"129":["pplgame/level/Level_431",0],"130":["pplgame/level/Level_541",0],"131":["pplgame/level/Level_383",0],"132":["pplgame/level/Level_10",0],"133":["pplgame/level/Level_195",0],"134":["pplgame/level/Level_293",0],"135":["pplgame/level/Level_374",0],"136":["pplgame/level/Level_574",0],"137":["pplgame/level/Level_346",0],"138":["pplgame/level/Level_158",0],"139":["pplgame/level/Level_235",0],"140":["pplgame/level/Level_121",0],"141":["pplgame/level/Level_485",0],"142":["pplgame/level/Level_265",0],"143":["pplgame/level/Level_566",0],"144":["pplgame/level/Level_81",0],"145":["pplgame/level/Level_339",0],"146":["pplgame/level/Level_580",0],"147":["pplgame/level/Level_278",0],"148":["pplgame/level/Level_568",0],"149":["pplgame/level/Level_516",0],"150":["pplgame/level/Level_473",0],"151":["pplgame/level/Level_172",0],"152":["pplgame/level/Level_514",0],"153":["pplgame/level/Level_259",0],"154":["pplgame/level/Level_546",0],"155":["pplgame/level/Level_578",0],"156":["pplgame/level/Level_524",0],"157":["pplgame/level/Level_468",0],"158":["pplgame/level/Level_171",0],"159":["pplgame/level/Level_329",0],"160":["pplgame/level/Level_83",0],"161":["pplgame/level/Level_440",0],"162":["pplgame/level/Level_217",0],"163":["pplgame/level/Level_151",0],"164":["pplgame/level/Level_176",0],"165":["pplgame/level/Level_320",0],"166":["pplgame/level/Level_562",0],"167":["pplgame/level/Level_106",0],"168":["pplgame/level/Level_252",0],"169":["pplgame/level/Level_238",0],"170":["pplgame/level/Level_441",0],"171":["pplgame/level/Level_84",0],"172":["pplgame/level/Level_119",0],"173":["pplgame/level/Level_279",0],"174":["pplgame/level/Level_538",0],"175":["pplgame/level/Level_556",0],"176":["pplgame/level/Level_544",0],"177":["pplgame/level/Level_24",0],"178":["pplgame/level/Level_103",0],"179":["pplgame/level/Level_35",0],"180":["pplgame/level/Level_161",0],"181":["pplgame/level/Level_44",0],"182":["pplgame/level/Level_306",0],"183":["pplgame/level/Level_233",0],"184":["pplgame/level/Level_607",0],"185":["pplgame/level/Level_28",0],"186":["pplgame/level/Level_327",0],"187":["pplgame/level/Level_315",0],"188":["pplgame/level/Level_482",0],"189":["pplgame/level/Level_248",0],"190":["pplgame/level/Level_269",0],"191":["pplgame/level/Level_377",0],"192":["pplgame/level/Level_500",0],"193":["pplgame/level/Level_14",0],"194":["pplgame/level/Level_295",0],"195":["pplgame/level/Level_178",0],"196":["pplgame/level/Level_602",0],"197":["pplgame/level/Level_283",0],"198":["pplgame/level/Level_86",0],"199":["pplgame/level/Level_352",0],"200":["comdefine/game_confg",0],"201":["pplgame/level/Level_579",0],"202":["pplgame/level/Level_491",0],"203":["pplgame/level/Level_386",0],"204":["pplgame/level/Level_324",0],"205":["pplgame/level/Level_356",0],"206":["pplgame/level/Level_393",0],"207":["pplgame/level/Level_241",0],"208":["comdefine/yingdao_step_info",0],"209":["pplgame/level/Level_446",0],"210":["pplgame/level/Level_463",0],"211":["pplgame/level/Level_223",0],"212":["pplgame/level/Level_501",0],"213":["pplgame/level/Level_406",0],"214":["pplgame/level/Level_456",0],"215":["pplgame/level/Level_495",0],"216":["pplgame/level/Level_533",0],"217":["pplgame/level/Level_82",0],"218":["pplgame/level/Level_67",0],"219":["pplgame/level/Level_387",0],"220":["pplgame/level/Level_366",0],"221":["pplgame/level/Level_167",0],"222":["pplgame/level/Level_77",0],"223":["pplgame/level/Level_447",0],"224":["pplgame/level/Level_389",0],"225":["hmk/mode_4/hk_1",0],"226":["pplgame/level/Level_302",0],"227":["pplgame/level/Level_581",0],"228":["pplgame/level/Level_2",0],"229":["pplgame/level/Level_378",0],"230":["pplgame/level/Level_535",0],"231":["pplgame/level/Level_4",0],"232":["pplgame/level/Level_438",0],"233":["pplgame/level/Level_89",0],"234":["pplgame/level/Level_191",0],"235":["pplgame/level/Level_143",0],"236":["pplgame/level/Level_332",0],"237":["pplgame/level/Level_152",0],"238":["pplgame/level/Level_289",0],"239":["pplgame/level/Level_17",0],"240":["pplgame/level/Level_309",0],"241":["pplgame/level/Level_423",0],"242":["pplgame/level/Level_326",0],"243":["pplgame/level/Level_229",0],"244":["pplgame/level/Level_135",0],"245":["pplgame/level/Level_497",0],"246":["pplgame/level/Level_481",0],"247":["pplgame/level/Level_288",0],"248":["pplgame/level/Level_177",0],"249":["pplgame/level/Level_330",0],"250":["pplgame/level/Level_49",0],"251":["pplgame/level/Level_240",0],"252":["pplgame/level/Level_51",0],"253":["pplgame/level/Level_429",0],"254":["pplgame/level/Level_9",0],"255":["pplgame/level/Level_360",0],"256":["pplgame/level/Level_573",0],"257":["pplgame/level/Level_347",0],"258":["pplgame/level/Level_166",0],"259":["pplgame/level/Level_39",0],"260":["pplgame/level/Level_227",0],"261":["pplgame/level/Level_464",0],"262":["pplgame/level/Level_277",0],"263":["pplgame/level/Level_45",0],"264":["pplgame/level/Level_467",0],"265":["pplgame/level/Level_48",0],"266":["pplgame/level/Level_407",0],"267":["pplgame/level/Level_5",0],"268":["pplgame/level/Level_101",0],"269":["pplgame/level/Level_550",0],"270":["pplgame/level/Level_292",0],"271":["pplgame/level/Level_250",0],"272":["pplgame/level/Level_80",0],"273":["pplgame/level/Level_249",0],"274":["pplgame/level/Level_477",0],"275":["pplgame/level/Level_242",0],"276":["pplgame/level/Level_379",0],"277":["pplgame/level/Level_129",0],"278":["pplgame/level/Level_162",0],"279":["pplgame/level/Level_157",0],"280":["pplgame/level/Level_321",0],"281":["pplgame/level/Level_343",0],"282":["pplgame/level/Level_588",0],"283":["pplgame/level/Level_88",0],"284":["pplgame/level/Level_475",0],"285":["pplgame/level/Level_402",0],"286":["pplgame/level/Level_559",0],"287":["pplgame/level/Level_140",0],"288":["pplgame/level/Level_560",0],"289":["pplgame/level/Level_202",0],"290":["pplgame/level/Level_61",0],"291":["pplgame/level/Level_503",0],"292":["pplgame/level/Level_130",0],"293":["pplgame/level/Level_33",0],"294":["pplgame/level/Level_69",0],"295":["pplgame/level/Level_145",0],"296":["pplgame/level/Level_345",0],"297":["pplgame/level/Level_534",0],"298":["pplgame/level/Level_47",0],"299":["pplgame/level/Level_55",0],"300":["pplgame/level/Level_154",0],"301":["pplgame/level/Level_328",0],"302":["pplgame/level/Level_509",0],"303":["pplgame/level/Level_18",0],"304":["pplgame/level/Level_173",0],"305":["pplgame/level/Level_350",0],"306":["pplgame/level/Level_190",0],"307":["pplgame/level/Level_460",0],"308":["pplgame/level/Level_254",0],"309":["pplgame/level/Level_60",0],"310":["pplgame/level/Level_392",0],"311":["pplgame/level/Level_268",0],"312":["pplgame/level/Level_126",0],"313":["pplgame/level/Level_20",0],"314":["pplgame/level/Level_118",0],"315":["pplgame/level/Level_355",0],"316":["pplgame/level/Level_11",0],"317":["pplgame/level/Level_179",0],"318":["pplgame/level/Level_170",0],"319":["pplgame/level/Level_111",0],"320":["pplgame/level/Level_78",0],"321":["pplgame/level/Level_476",0],"322":["pplgame/level/Level_245",0],"323":["pplgame/level/Level_30",0],"324":["pplgame/level/Level_199",0],"325":["pplgame/level/Level_13",0],"326":["pplgame/level/Level_523",0],"327":["pplgame/level/Level_537",0],"328":["pplgame/level/Level_113",0],"329":["pplgame/level/Level_335",0],"330":["pplgame/level/Level_548",0],"331":["pplgame/level/Level_515",0],"332":["pplgame/level/Level_303",0],"333":["pplgame/level/Level_298",0],"334":["pplgame/level/Level_201",0],"335":["pplgame/level/Level_93",0],"336":["pplgame/level/Level_555",0],"337":["pplgame/level/Level_123",0],"338":["pplgame/level/Level_19",0],"339":["pplgame/level/Level_373",0],"340":["pplgame/level/Level_380",0],"341":["pplgame/level/Level_110",0],"342":["hmk/mode_3/hk_1",0],"343":["pplgame/level/Level_367",0],"344":["pplgame/level/Level_142",0],"345":["pplgame/level/Level_147",0],"346":["pplgame/level/Level_472",0],"347":["pplgame/level/Level_182",0],"348":["pplgame/level/Level_311",0],"349":["pplgame/level/Level_9999",0],"350":["pplgame/level/Level_231",0],"351":["pplgame/level/Level_381",0],"352":["pplgame/level/Level_56",0],"353":["pplgame/level/Level_144",0],"354":["pplgame/level/Level_192",0],"355":["pplgame/level/Level_266",0],"356":["pplgame/level/Level_282",0],"357":["pplgame/level/Level_237",0],"358":["pplgame/level/Level_150",0],"359":["pplgame/level/Level_571",0],"360":["pplgame/level/Level_408",0],"361":["pplgame/level/Level_334",0],"362":["pplgame/level/Level_159",0],"363":["pplgame/level/Level_262",0],"364":["pplgame/level/Level_258",0],"365":["pplgame/level/Level_188",0],"366":["pplgame/level/Level_462",0],"367":["pplgame/level/Level_412",0],"368":["pplgame/level/Level_526",0],"369":["pplgame/level/Level_331",0],"370":["pplgame/level/Level_351",0],"371":["pplgame/level/Level_465",0],"372":["pplgame/level/Level_285",0],"373":["pplgame/level/Level_439",0],"374":["pplgame/level/Level_204",0],"375":["pplgame/level/Level_112",0],"376":["hmk/mode_3/hk_0",0],"377":["pplgame/level/Level_576",0],"378":["pplgame/level/Level_264",0],"379":["pplgame/level/Level_401",0],"380":["pplgame/level/Level_361",0],"381":["pplgame/level/Level_549",0],"382":["pplgame/level/Level_400",0],"383":["pplgame/level/Level_68",0],"384":["pplgame/level/Level_12",0],"385":["pplgame/level/Level_206",0],"386":["pplgame/level/Level_275",0],"387":["pplgame/level/Level_542",0],"388":["pplgame/level/Level_34",0],"389":["pplgame/level/Level_276",0],"390":["pplgame/level/Level_310",0],"391":["pplgame/level/Level_25",0],"392":["pplgame/level/Level_271",0],"393":["pplgame/level/Level_451",0],"394":["pplgame/level/Level_337",0],"395":["pplgame/level/Level_312",0],"396":["pplgame/level/Level_31",0],"397":["pplgame/level/Level_365",0],"398":["pplgame/level/Level_211",0],"399":["pplgame/level/Level_220",0],"400":["pplgame/level/Level_354",0],"401":["pplgame/level/Level_87",0],"402":["pplgame/level/Level_58",0],"403":["pplgame/level/Level_572",0],"404":["pplgame/level/Level_444",0],"405":["pplgame/level/Level_358",0],"406":["pplgame/level/Level_109",0],"407":["pplgame/level/Level_536",0],"408":["pplgame/level/Level_507",0],"409":["pplgame/level/Level_215",0],"410":["pplgame/level/Level_27",0],"411":["pplgame/level/Level_492",0],"412":["pplgame/level/Level_207",0],"413":["pplgame/level/Level_488",0],"414":["pplgame/level/Level_604",0],"415":["pplgame/level/Level_122",0],"416":["pplgame/level/Level_131",0],"417":["pplgame/level/Level_349",0],"418":["pplgame/level/Level_592",0],"419":["pplgame/level/Level_532",0],"420":["pplgame/level/Level_32",0],"421":["pplgame/level/Level_261",0],"422":["pplgame/level/Level_453",0],"423":["pplgame/level/Level_399",0],"424":["pplgame/level/Level_189",0],"425":["pplgame/level/Level_244",0],"426":["pplgame/level/Level_418",0],"427":["pplgame/level/Level_382",0],"428":["pplgame/level/Level_545",0],"429":["hmk/mode_2/hk_0",0],"430":["pplgame/level/Level_450",0],"431":["pplgame/level/Level_333",0],"432":["pplgame/level/Level_510",0],"433":["pplgame/level/Level_583",0],"434":["pplgame/level/Level_100",0],"435":["pplgame/level/Level_200",0],"436":["pplgame/level/Level_138",0],"437":["pplgame/level/Level_442",0],"438":["pplgame/level/Level_287",0],"439":["pplgame/level/Level_216",0],"440":["pplgame/level/Level_226",0],"441":["pplgame/level/Level_443",0],"442":["pplgame/level/Level_600",0],"443":["pplgame/level/Level_247",0],"444":["pplgame/level/Level_427",0],"445":["pplgame/level/Level_614",0],"446":["pplgame/level/Level_54",0],"447":["pplgame/level/Level_209",0],"448":["pplgame/level/Level_66",0],"449":["pplgame/level/Level_508",0],"450":["pplgame/level/Level_557",0],"451":["pplgame/level/Level_474",0],"452":["pplgame/level/Level_163",0],"453":["pplgame/level/Level_359",0],"454":["pplgame/level/Level_99",0],"455":["pplgame/level/Level_153",0],"456":["pplgame/level/Level_569",0],"457":["pplgame/level/Level_107",0],"458":["pplgame/level/Level_371",0],"459":["pplgame/level/Level_91",0],"460":["pplgame/level/Level_422",0],"461":["pplgame/level/Level_587",0],"462":["pplgame/level/Level_565",0],"463":["pplgame/level/Level_437",0],"464":["pplgame/level/Level_531",0],"465":["pplgame/level/Level_342",0],"466":["pplgame/level/Level_466",0],"467":["pplgame/level/Level_471",0],"468":["pplgame/level/Level_212",0],"469":["pplgame/level/Level_413",0],"470":["pplgame/level/Level_169",0],"471":["pplgame/level/Level_291",0],"472":["pplgame/level/Level_7",0],"473":["pplgame/level/Level_23",0],"474":["pplgame/level/Level_469",0],"475":["pplgame/level/Level_391",0],"476":["pplgame/level/Level_71",0],"477":["pplgame/level/Level_133",0],"478":["pplgame/level/Level_79",0],"479":["pplgame/level/Level_411",0],"480":["pplgame/level/Level_398",0],"481":["pplgame/level/Level_601",0],"482":["pplgame/level/Level_198",0],"483":["pplgame/level/Level_127",0],"484":["pplgame/level/Level_186",0],"485":["pplgame/level/Level_221",0],"486":["pplgame/level/Level_307",0],"487":["pplgame/level/Level_319",0],"488":["pplgame/level/Level_314",0],"489":["pplgame/level/Level_419",0],"490":["pplgame/level/Level_40",0],"491":["pplgame/level/Level_480",0],"492":["pplgame/level/Level_364",0],"493":["pplgame/level/Level_436",0],"494":["pplgame/level/Level_396",0],"495":["pplgame/level/Level_70",0],"496":["pplgame/level/Level_584",0],"497":["pplgame/level/Level_141",0],"498":["pplgame/level/Level_230",0],"499":["pplgame/level/Level_308",0],"500":["pplgame/level/Level_458",0],"501":["pplgame/level/Level_46",0],"502":["pplgame/level/Level_90",0],"503":["pplgame/level/Level_74",0],"504":["pplgame/level/Level_608",0],"505":["pplgame/level/Level_290",0],"506":["pplgame/level/Level_368",0],"507":["pplgame/level/Level_251",0],"508":["pplgame/level/Level_304",0],"509":["pplgame/level/Level_132",0],"510":["hmk/mode_5/hk_0",0],"511":["pplgame/level/Level_570",0],"512":["comdefine/info",0],"513":["pplgame/level/Level_479",0],"514":["pplgame/level/Level_305",0],"515":["pplgame/level/Level_552",0],"516":["pplgame/level/Level_160",0],"517":["pplgame/level/Level_499",0],"518":["pplgame/level/Level_228",0],"519":["pplgame/level/Level_452",0],"520":["pplgame/level/Level_613",0],"521":["pplgame/level/Level_257",0],"522":["pplgame/level/Level_385",0],"523":["pplgame/level/Level_64",0],"524":["pplgame/level/Level_504",0],"525":["pplgame/level/Level_236",0],"526":["pplgame/level/Level_205",0],"527":["pplgame/level/Level_75",0],"528":["pplgame/level/Level_137",0],"529":["pplgame/level/Level_181",0],"530":["pplgame/level/Level_522",0],"531":["pplgame/level/Level_256",0],"532":["pplgame/level/Level_596",0],"533":["pplgame/level/Level_108",0],"534":["pplgame/level/Level_62",0],"535":["pplgame/level/Level_567",0],"536":["pplgame/level/Level_577",0],"537":["pplgame/level/Level_243",0],"538":["pplgame/level/Level_594",0],"539":["pplgame/level/Level_575",0],"540":["pplgame/level/Level_506",0],"541":["pplgame/level/Level_148",0],"542":["pplgame/level/Level_296",0],"543":["pplgame/level/Level_426",0],"544":["pplgame/level/Level_253",0],"545":["pplgame/level/Level_454",0],"546":["pplgame/level/Level_274",0],"547":["pplgame/level/Level_232",0],"548":["pplgame/level/Level_415",0],"549":["hmk/mode_1/hk_0",0],"550":["pplgame/level/Level_586",0],"551":["pplgame/level/Level_57",0],"552":["pplgame/level/Level_184",0],"553":["pplgame/level/Level_483",0],"554":["pplgame/level/Level_490",0],"555":["pplgame/level/Level_52",0],"556":["pplgame/level/Level_511",0],"557":["pplgame/level/Level_505",0],"558":["pplgame/level/Level_85",0],"559":["pplgame/level/Level_420",0],"560":["pplgame/level/Level_484",0],"561":["pplgame/level/Level_222",0],"562":["pplgame/level/Level_551",0],"563":["pplgame/level/Level_72",0],"564":["pplgame/level/Level_598",0],"565":["pplgame/level/Level_281",0],"566":["pplgame/level/Level_520",0],"567":["pplgame/level/Level_260",0],"568":["pplgame/level/Level_554",0],"569":["pplgame/level/Level_95",0],"570":["pplgame/level/Level_41",0],"571":["pplgame/level/Level_405",0],"572":["conf/guaishou_da_xiaochu_common_config",0],"573":["pplgame/level/Level_434",0],"574":["pplgame/level/Level_105",0],"575":["pplgame/level/Level_42",0],"576":["pplgame/level/Level_597",0],"577":["pplgame/level/Level_104",0],"578":["pplgame/level/Level_417",0],"579":["pplgame/level/Level_225",0],"580":["pplgame/level/Level_498",0],"581":["pplgame/level/Level_136",0],"582":["pplgame/level/Level_421",0],"583":["pplgame/level/Level_394",0],"584":["pplgame/level/Level_286",0],"585":["pplgame/level/Level_563",0],"586":["pplgame/level/Level_1",0],"587":["pplgame/level/Level_558",0],"588":["pplgame/level/Level_496",0],"589":["pplgame/level/Level_3",0],"590":["pplgame/level/Level_519",0],"591":["pplgame/level/Level_539",0],"592":["pplgame/level/Level_187",0],"593":["hmk/mode_1/hk_1",0],"594":["pplgame/level/Level_353",0],"595":["pplgame/level/Level_338",0],"596":["pplgame/level/Level_547",0],"597":["pplgame/level/Level_263",0],"598":["pplgame/level/Level_213",0],"599":["pplgame/level/Level_301",0],"600":["pplgame/level/Level_124",0],"601":["pplgame/level/Level_183",0],"602":["pplgame/level/Level_414",0],"603":["pplgame/level/Level_22",0],"604":["pplgame/level/Level_513",0],"605":["pplgame/level/Level_273",0],"606":["pplgame/level/Level_340",0],"607":["pplgame/level/Level_59",0],"608":["pplgame/level/Level_528",0],"609":["pplgame/level/Level_433",0],"610":["pplgame/level/Level_267",0],"611":["pplgame/level/Level_388",0],"612":["pplgame/level/Level_502",0],"613":["pplgame/level/Level_214",0],"614":["pplgame/level/Level_313",0],"615":["pplgame/level/Level_37",0],"616":["pplgame/level/Level_318",0],"617":["pplgame/level/Level_593",0],"618":["pplgame/level/Level_63",0],"619":["pplgame/level/Level_489",0],"620":["pplgame/level/Level_486",0],"621":["pplgame/level/Level_375",0],"622":["pplgame/level/Level_116",0],"623":["pplgame/level/Level_461",0],"624":["pplgame/level/Level_316",0],"625":["pplgame/level/Level_344",0],"626":["pplgame/level/Level_369",0],"627":["pplgame/level/Level_430",0],"628":["pplgame/level/Level_272",0],"629":["pplgame/level/Level_341",0],"630":["pplgame/level/Level_164",0],"631":["pplgame/level/Level_218",0]},"types":["cc.JsonAsset"],"uuids":["00PUdPUYFPYIVyNwuI0WXE","00elG0pXZFlYLRqhjWWCWG","01YDrIgLZO+ZChzP5545Dl","01qi97UH1GQYk8PIpbVqLV","01sRZDZc9Ll6sOxck1WzvU","02CrtsyjhH55H8j/HMsCyw","03Y/hQbCND8IIe68WfgfF1","03Zqvs7TtMq5KD59cdvCLP","03oH34/gBLF4FZa7l0Ri7H","04Vx2nympMKKKOxxsNCFsd","04fz/TX+9H2qgQ1/Hx8ygl","05PB11gf9GepQ8jCxyEHnT","05S3pHPThPZIRBi5Qrn4wk","055vwDlY9Bk5b7Qb1GVOwE","06HCKXNHVMJYuTPXiiCFqg","06YX0PdHZA46HyK6FumA2u","06oJMzwhBHl4l48G45zx8E","06qJFkxDpGUIYijrTr6ck+","06w4GQmvJKkKGArNz2Zpqd","06+L2+7JZB7rh6Z9sf4O07","07xyKhLSVM24FSZr1Pg9EE","08Oxu9xmZHSLTGTOwSxrK0","086f0lHepMZ6TmzYuwTPiG","09Kpw+iwROYpbnhr87LkLQ","0aFpaU5RxLSLD1SxwZwx2X","0bMMnIIf5BP4Ej0CfJbms1","0bdBSKVARKUqte4i0XVGRD","0b/UFoG/9KbKSXsOLQqD7b","0cOso6VGFB6KTV2WBD/Im2","0cimB+b6NDOLhmYHM9y4zm","0ctHq/54ZHsqiM3xH8fB6h","0c1Wet5U1Fmpdc5AtZKrGh","0c/SErHBRKFK/EqxrL3zcO","0dVJrTVdFPJYofA75l4aXg","0d9H9tJwxKyIakDzaeCV0I","0eEYYEUHRAMKuFQE4kcIE2","0eJMcho7NFqppfeqb60sqh","0f5nJr1UZMiKO0Y72owO/+","10nFZ+8mtLLbi9nVVcZoru","11ADfcRkZDCYeuKb7Lub9c","11IPzQXsdMj61UOPt5OOah","11TaQENCFAfpGACYEBpWqq","11XFXD7thCvr5C/H26lUGA","11ZnnfNSJC8Zd2H5uwdiBF","12XzGUuLRD7Zm0ZEjvvl+p","127h8pNTZBn6nKE9h3XjHv","13bCghpzNF0qDDG7SDG+0J","13vBOx65NBcrAsLySjx08a","13++Pz70dAyIEh4NfVGnQq","14G44BrilBfruig4vucFvv","14Kr3vWGRKvIdkkFxcWu9R","14b7BAu7hJSr5ka0jB6ykQ","140UdjGAZD1oAy1OUzDOUr","149kwId5lK3JOiMbDqCpF0","15153BtKVMDIcXK265eXRo","153On7dm5I/ZQf+1tulq3Q","16VE7C+oVLrYNncxwd7ph1","16pI6yqehAwaPPutGD0GI6","16/exzDRhFPJ9MJhFH5HJ2","17GEAC7spCXJPa6+JoszJP","17cWDbYUxIW4QlFQ41gXFm","18m7sQFbFPmL66nn5B2982","186nD41hlCF6yrQiuOKOvT","19Ln2GGCxDCqvc09ccc8/D","19MRlqecZH2IfTNnvZGCm+","19ciED2VhIhboGyI9UNq+m","1anMDcrkhJ55oAYMfw4neK","1asPU3/7lLYIBAKLW0zMF+","1cOkg4X29L3rYzYAH/FKvV","1cajQbYIBB5aq23fVJr7Ef","1cmpeahFtPlb+GxG/USXe1","1cnj6bE0RJq5lVGz/TbBBS","1csu8NVXtNJJeTmYRlORUb","1c6KroQdZHM6EBwlO6gK+n","1dN8K0GFpCSqffDEreQCwx","1dPpCPMWRArqacC/IxQ43Y","1eJzlmczlJUqPLoSMRBWx2","1eRpuWZF1Jx7/8GfQtDiau","1enB3uCaRDeKxNWHuirsZw","1e1X6IMy1OC6lF4XZVKgR5","1fI98dSYVNGbEcCoUSBfIp","1f2Sbl9lJLmo7rfstvnlMg","20N/ylUcVAZ6BK5MgIpkcv","208CjBcaBD86e1XbkECNJT","20+sRe2JVBSpl6/jGVBjXK","21djny5vlC5aRe+WdRNgq5","2145sMLLNHeLBsZrw7hyNI","225JGSsLdBqq3Q1WMcAMpk","23JAagDYxPeZHDcQpjPER0","23ZnWY/DpNYLsi+hQhg9zX","23x5XdhFdLha+ksVzxNAK4","24fcOaKbVHFbvNd/oY8DXJ","24qPs/LNtNdqiKfc0qnHZQ","246D4L56lC8Yfa8g5FtTQp","25FBh3li1Kh7oNek9UVdwt","251jMJ8rdO55dW3eY/XGyr","26AKTd2WhM2LoxlvmMxquJ","27KlAiUx1Ca6HV2RBC7h/Y","27lAPegg9GsaCZ4BFFqQvh","27o5vqXehBqZDU1YLJ6r23","288XMdtt5FH6MwzlJkeOfX","28/SMFOXhCZpfFBBB7X/0H","29yzsidvZAX5zA0YP4jcgD","2aZJC2wVNJ2rLkH2N3bSdF","2apKj5d5VFaby7u89g0vz0","2bmUb88U1EZLJuqV7GrKRH","2cUvtKJBBEVprU/7XMIsH8","2cl+yiiXdFCowHOmJs22Li","2cvh+UVd5LKryUJH1KaUPD","2czHsHw9NCxrIWC3p5iWts","2dVS+CecVMmZ4wKZDthrLu","2dhLTf4nBKULFaBWI85yhL","2dmSU1XLJA9597FLxof7JQ","2dtzhy8rNFXo8nhskb3ZYE","2d2SOsxkVGuKhfRfcHGHQT","2d3P/aWhtEnav+RuJj/tBF","2ejuWgs9dKJ6oFE73DgDUo","2ek70/W5BJ66Wd3pBusHpQ","2e9CTol7dNmJVjO3XAgpMh","2fs3C9iTxP9ocythec8CMI","2ftcaaBd1MpKmLIURaMrEf","2f28tdQNpCPqpkiJTFfJV+","2f4kAaMCJJY4Tw/e17LxHe","2f5+6wowBJ65wc94RCLh3Q","30tHaIZghDGY3TKW9WpeO0","302WJyNZRC3qGDgHso2YZ6","304wyU4g5Mwpjce+DwswVu","32m1v9VIhGcri2cdJ5MEup","326Boe+NxIfIjSNbCrCxYR","33HL3Eqg9GZarRfVNOqTsD","33a6rwGPRLAYGKDOqsSHOw","33p7P8tVhKCrhoINHqJ2kw","34vlDxkL9CbJTHwdAQwFJo","3475GAOIlC6Iyzc8eldkWZ","35G0UapHlE85KhuHl29lSn","35MZAFiXlCAoMa77zQGuhJ","35SUJXaNhObrEiQu15qnM/","37tXRm5uZBmZjdX2+vTB9c","37x3tHAfVHSKEd2v3dOIuM","37x9hn5IZJ3pKO2XRcQcnn","379ceJN99PQLj9CoeiPGaU","38TkuMKARKYJ9RhKhdXc94","38/FdTuj5Hzp+2z52/StKH","39ZnBSkcVB8JeHmhnB2gJY","3bAuPjZ15PCLj9PIa2V7Ks","3bmt9YdApCy7TGHkuhQ8lS","3b5ejEkx9OxKc7RwWG2Ku8","3ccr8WBEFDFoa9HDioDL9Z","3cgUDyt6BCypt1WJknnpCE","3dIK/+ZKRN65JhgCcgkrY1","3dQZiwnlFPmJJ3x399Ltyy","3eHqDXIQBJA7x0sc9sZvW3","3e2jfsixxPjITkBkUHfWPU","3e+O227b9F7qNLR92LiPqC","3fM3oVczJD0JHz+wTEKh9J","40E0TUe9hDP5i09tYwGGO9","40hUO7AotOhoyfGp06Qx3H","40nOVvS0JBr5Lal3nkmONb","40zIwabsJAL5z0GljI8vof","41Kpoy5n1GZYMujEKoGMpM","41ZqKDncJIFqRu0mwTTwVj","41gnKZb7pB0JFBDjwMrXLV","42O+dEW5lBDZK9FHuWJ6z0","42QBLo7MpEqo2eC9H82U3J","43nxlBdyhL1ZOGpqwY2Rz4","43xvCJIChJFaGxxXru4WgI","44rr/kVBpMWolBnf4tSKvd","45aResrLtCmZe8a3gE+eiv","45d1v6+RdImoBdWRQHgjPa","46XYhrQchJRZ3LnX7stxVH","46cAsUFLhKz74UBiVAV9Dk","46xePTB3RIep49LUgttMnk","47Kvb+xH9E/JkstmcWLoZx","47SZwY8gNGNKKdFtBxOz3/","47cNp2KUJM6ZYdJqVN+4ue","47pc/709tDpr/6/bxYDcW/","47tLvuxslOk5/PAlId95Wt","478esBdF9PdbBQUlhcke30","48hHc6cCJE1qJ0nhTSPIoi","49UUtmam1GcLsMxHFazmUd","49tLOzm6RCkKso5qZtes4L","4aFenOsqBCY6A7fRUb4BFT","4aI7K9xkxJ4Y15LnslZHl7","4a9PCHYGZKxrNaWWeLYQ6i","4bQXnpXrxIm4b1BRUM4eCR","4bokL4s/JGAbrIA7+hH2LH","4cRF0tegdGMrv9rK02bcCh","4cT0T9FS9Nzr6wCD1eLV6U","4cUQpkMOpCcacjFk66/I6x","4cnVXEe51Hx4LVKOLutrWM","4cxG3CvaFGg4RbaZH//cgb","4dMVRWBmFDEJmtLu3izNQC","4dqmocEBxFqbxUO3r7GJVQ","4dzPFXd25POo1vOCxNVQfE","4d0JJfYzFFRqc7BJfReOho","4d2CB/igtK7bPId1SBa0/B","4eX9aWZIhAj5Ari16Jt7+R","4ermXd61JLmqPWbxxRL9hu","4expEN0kdLJrLqoa93jx4F","4f5J2Wwj1PcaSwD+KI4VlG","50Z0pu5mdLgKyqGVD+2Nrt","50g26rdEJHz66MgCXsJW+k","50yyn3AhxLm5GweaW9fJ/z","51AEaH2iFH0IAqOZr7NqKV","51dkC+3o5CFogJPZDGOjJa","51v6QzVwBFG514bC3L9Jhp","518hm1NRBJTK8wiWAMdnZs","52EcG2do9N44NA7SDdNgwu","52FCkSgdFPRK20ROSzM8YD","53x2aMgTtJwpx/PDA27Ac/","536ji212lLK7/sLxEyjEF1","543HN4mBhBKqbogLB9V79d","55BaKqOpVAAJjyLrJ9rjG8","55Zq2zGo5I3Kds1L0DQNgb","55edYXkz5OqZMkBBi0+HNT","56ClsgA45CcYPfs5msor4f","56E1x2RXNFIZci4Ubx1ePw","56LH8zoNxBxrz+KRIXi8Br","56V5Y2Dq9Php+mLhcOpJgE","56nLqELeZBjaLe3cF3258k","569X+pIaJMBZ58dFXlyx2I","57M2tCq3xHLIAlxokXkLOF","571zPQ7zhOZZl/ureKcY/X","58sCFp2cJObYqm+6oBDSQO","58xE/jQRhP7qRpFXPSGOc8","580UJt3DRDg6AWiTt3DDF6","582JK42CdNMJ3aUvj1meAO","59KWQf93RK2qLRX3Pvxujl","598hi4nWJKdrd0Lcwb4kCC","5aDeDm4iRLAowockSijpQV","5aPQatN2BO/bG4CnGlftlr","5akjCxjRhA9beWmUXbRwdC","5ayQpreC5LEIhBgZ0W5bG2","5a7xV1diNLBI9BEA9B7YYC","5cN7QKvZ5ObY4Hp9RxuGoh","5cstMxGyxOqLw1nWIyHtUL","5dcKbF3iBK15PXrX1Q6EB3","5dpKXO5DBCEInSj1VsBdql","5dwkhQCEtOzZUre/Lk617N","5ePOW/+/ZA76aneNBWBhOu","5fulIfQBNIFbizUKEk1kJo","5fw1kMcS5MF5BthMtvvcBI","60096ES9RGU4YVEEOeo1da","62D/iD2jRNBYiWGefzqCnr","62NN7BRpRGSo8G32iJWGPZ","62wi4AEfNDHKfw3vU9zmLi","63C3Qd6aVJ7r4F815wdInl","63IzBU9etJN55DS1MODRZG","63O0MI1jJLF6IAI35XgNXD","63d95gl6pBQI+eJaUixMci","636XyeQnpBQrte/RiPOgot","64LYptUGJHuZcN0QGqSaOB","64OtQD5vZHN46AjcOnCGjU","64vjKA23pDaIVBIvUGqBhq","64xeLH0hlLGYhK1FccVBL2","65Hlip3OFNhJLV/gIjUkJa","65OLaDC4hL5Lnv7dh9UYOx","66apsXSu9G4ZVEwVdtOi0D","660L+NdmpFjLSGOQn+hK1a","67GRPRgehOlbjKN8qG86rg","67sP8u2FNBr4aLBI9CPiQy","673u9jtJpLxZDIylRE9dv0","68IyS7Ow1Nmb0w3DJJ7fXK","69F6L4jXpJh6kNxdgHaLjN","69nAMqlUJM9YvQQ8xCqHi8","6aCnZUgWBLDIjDYu5fALn3","6aKk0mkjVCm5FH9HS2Rwn8","6aTyL9lYRJ8KmFKMYm+Zgk","6aaVE23/ZHt4O+RFTqup04","6ae2bkNg1A8rHLzsSw38U1","6a7VgywY9Gur0Ae9kRviXT","6bHCfW3FpKjLxJe6dD/DzH","6bcz5dyMlFRZjdzXsIr7DM","6bhDYVWr9KVrucSHuiK/EY","6b+iS4/8lJ679YAQxgGUp5","6cCV9onRdKD5JKn0vqcLTZ","6d6U59WWVExpRQXoATZYxQ","6d9vqSUkFLQY7jnlzl9t92","6eQm4DJUpOsZysOXRWIgr9","6eX8yNjPxDO5bLEIqsqpDS","6eZqH+CJVPUrCUTyEPxUJG","6em+sM069PB7mnRmV2+hGe","6fq+53HedEQK/NP9gFtUtd","6fri5YqGpCS6e2u8Ix7s2K","6fuOQLiOZI9KxLEwFnfG1p","6fwLy+N4JE1oriWmYI56B5","70CnvfO/dGza58d0+r9kEA","70W2QsmBFAwqQi+0zF5y8c","700kKVlRVFCoshHFB9BGAj","723kWu5jdOMIDjBn7W9ydl","74BI4O9/lLH5m7kMTKIw+g","74JHATcaFOd5DhwPtgKegG","74J0TGv/xOT5x/2VtOaV9r","747zHLl0BMjJjto7BeVV8t","75hWW6JQFGloFve9axVF6W","75hbWpgqxGZaSKb9HDzbGE","75zcsY+oBLGpty2M+LgsV2","76EJd62M1Df6j8SHcEDXVa","76Z3zrGtNOQZPotJ0fUl9g","76lGPyrIhCXL23ilfyRqN1","77F2IgvW9G8q5u4GhnZFUK","77K944Ke1KlIDR1+UkH3lp","77vfCJ1mNCYrdPCOOGk8Td","773rYn+StLxJiTxIWIv/5q","78wSG9r8dF65r6Hh1Ri7dx","79gqh7sgZH86Dod8eopf1d","7aFOaKNtdFjL2d7GT4MH/8","7a6FyNNmlIhIL7ZrcpYCIh","7bDmYXmZJOH5W9QPK9TaRR","7bp6bCzttKJ4lFUaMZCnoq","7b663pqiRD/qyNUsh7t00u","7b8cRvAipIjLoWRNfZTt4v","7cuH5dEOpMto5VUGQIX2g3","7c3z93tPJBULspKYQF1Feu","7dETKDh9tHor16e5uf+NYa","7dXoSaUB5OXaD+UehHmQoA","7eSoNBAxdAWq+jqoJ2F4Pc","7ejy3zfa1ASJDySmFD4Baf","80Zat54g1L+LbMZzWK8irU","80ud84SVlEvJ7AOUaDB3UJ","809W5flbVDVKV4JE+0tv/5","82GLXshLJAAb+6tkZBT6mz","82Gn7lk8tCl7YAURP8YM6t","825VQDMztDOIAcxna1LJX4","83d2xk8n5LBZHAfAymFftI","84IGcJ9qNA2ZBbT+eDSPlW","84KZmOGotKxql0kA3T0fEj","84Z6Dd0kdEVIz3i20xZMjf","85JEGcDeJLErAfDvxiIPwq","85UuLz9YdG3Z9RA/cmYovo","85uGPxiyhAyY0qo6P/PKX2","86DWuhKvhHQI5tdye3b8ov","86Of3HqFRCNKCHSVRrQh5z","86jadH/YtKrqtowHpvGTeQ","869CaTjdJPB6Ey+UKzO7TQ","87HGZvRONK9qWhcvrqrlap","87Yq+03E9PwZWlXNNb5Uiz","872jSNKqRG7py74O8C32Fo","89IX82uRRFx7KBG5FgzYxG","896zpo3JBCDYq6kaRwGY6m","89925WSCBOFp3JFWh8AtYA","89+RWwe3JHEZzZN3u3lwYP","8aAzVjmcxEgZKr5vWccseZ","8ak+tdF6REHqSUjdENQTng","8amk2SOaVN163MxO2CH0Bm","8bAg3PdwJEdardEcoyJxyB","8bJHWHalhHGZYmOPtt5fcs","8bRwtbNFRMFr4LKXWo3pQK","8b5w1P77xPtq6vT1Y1CCqS","8cBdmHZK5N+rb8C3Tt5m88","8carmS8/BPTLbUPqd4NjmI","8cdSAlEKBKe6i1gKseG5+h","8cu/Azx8hHkbWebpHsb7vV","8cwm9AtstPzrIoyrzb41o/","8cxYUEmTZPgqZA224vVXFx","8c4xpEdOVHP5DrDDw/WIde","8dDVpz9rZOIq6skuLG/lB9","8dFQpQNxNAHLCuyUz0x03/","8dJeaU5ORPNLRnPD1u8tMu","8dKnKw0zVLiKAqYiIkPE2J","8db8Ej9LlMGa6plRWugr4I","8ecPrzKWFGMZa+zhHahU3S","8fgzub2CJFbKw/XW+53OSV","8fmLDxKA1D54ebXstLh/gY","8fvB+gJ6dC5bqaQ3+wYi9R","8f8LXFje1NorXmYOPsq/nY","90JKXGKJxGFqqKZtmQxOZp","90XybFonJEV6Fu6im0sFIj","90oCtiygNHUokGrOJOLewA","90srsUJ39GtrmLo47LHAEa","90w7BQTb9OdKbMjA7uz5Tu","907qN6OWRM+Lg4dDryn1TG","91251VwVZPALR0J6mTCV0A","93gcFJVb5ATLbLXIb0jXR/","93ldTu8uxJNr528zON99PX","93nn2tyyREw5+E2GvCDNv4","93tD+F0lRNELRp0ndynmc6","95WP/5ilpIsbWyVsMk606/","96kAyEs7xP6rsF38qc+9Uo","97QbeHTkhNNbSaJZdOOVSA","97RFA+C0xAo5pJVGmCjPQ4","97jMH+RAVEHb0oQPjD0U8O","98F8iqbohBK4WZiFFX//WK","98TXhoBE9H1po7GirtPbiO","99sAYYEwpLO4pzYc/KDQ/n","99uLZC2DdCSqd7cVzxT9Uj","99yLEjai1KY7ziwnILbxgs","998AodFtlDS6sQHJ4e8NYr","9aF9Sb0CtJsL/KrKfikAud","9aqQQcHapKS7MQNHPPfsIR","9a2YTBuGtDEaPHyM0dNMLa","9bVQo0GrxPoYhI9rUyfENt","9cagFuEO9GroqU/FSy8FhI","9eYm9MWgBNPY0TuAyKDtsW","9exaTd4npINb4y4tmQq4N4","9fyIhVh9lMc5d/HR84h2gR","a0F9owNpZAAIQU+5WWA2fw","a0d+D2cvhAUIrPb/C9gZuE","a0rVawmmtB2rG36dTNfoMu","a0vq8xfiNBPZzmNq6e73i8","a1KYL1MoVC/YxwA0Lshmg7","a1LC+WPUFGjKijS2SKYwLo","a2VmHRICVDVogGsRxWLv8M","a3I9Gpx8dH7Lstiyib/3Zh","a3NJE1USlGu6aBsp+rH6KK","a4Mpf8U1tEKp0+PiMAdvvG","a4qVRKB1NJipF6rXPBJEE1","a5GaqMIaxPA5ssfbFoBNkq","a5k7vLf2lA0aFIgBhSexX8","a65dshcoBJN5bosoxu3rRl","a7KmQYoyBAlpoCy29a8eLa","a7n6mCg2hAg6Qr25gfJmeL","a8UTxTTq9MY4EVPPHl5CW4","a8oCT/23dBWLJz3zIhEX9q","a9itS81kJKr4kzpbSw9KlX","a9n2+7EDJElY2EFCdljHH+","aab7eeqVJIUJmmimLc8RYA","aalIjcn5BDGYXPXKegKdP/","aauyw4LbJNHIa5wKDm/WZk","aa+uHK82BAR7I9JWvOucfN","abgDGPFIJE9o51nFiVJvsO","ab3Z95jYxIwYvbbM44GaER","acM+GWR1VHe5lm6zR/oSVj","acZpv4qLxLL6qT3bU7BMo5","adP+xOnixJ4Y5gPmUnfaki","adcEAPwJpMyIZe2ajmmMXQ","aeYfGkHydNpKtAWfp32C09","aez6U7/qZFoZnFGoB+MF0N","afCYqCPgdPvIcHcoqAuF//","afDemMdRdInq2Rj/3iSng2","afHCydI2RGfY0sT+vvC15W","afdsebUKpF1LGRGIYDOl9/","afjgR5zxNJJqVlrLhAENp1","b081jsTANIboJrJKvQAPyq","b1HqGsba1AlLcRN/u6soSB","b1N6nUhPlLDY8NhEW8KkwL","b1UVTZAN9OL5Ittg5N9tCf","b11y+j2/tLNpB0hvIcJgSc","b2Qnr15AlF1Lrlk3iDAF65","b2dIpX9AxOXZApFC6SWuM9","b3GSccyeRAs7EGWW9rC07O","b3SACaXqNPO78SpF+5YZ6V","b3lckt3g1KqYpVFVHTOs1D","b3x7OxvIdL4rwKeKtRULjy","b4CS+DMsBJBarO2A0KTvu5","b4GG98Oh1I2LPRciwDGTG/","b4uYnM2ORBuZmHsX2CGnW5","b5AWpbWNhPLK9fy0mJmVP0","b6W8GI0MpAdrRWsMh6L2pn","b6oW871aVEZrzqtDqiRlHW","b6wFHMuJdA5KdYFYPFaE/u","b7k6MgsVdIZK0UaO2JkIsi","b71KPRCQVMd7PL32uwQrKY","b79dorg0xIRavOnUBgdneG","b79nkegnJPvalh6Jbo/vJd","b8Iz+CLhlEh5E7vDSBKv0O","b8h/WrDsZNTo3k/Cmotmnd","b9stjtbytEqaLy3cXIQ8nq","bagkgsQ6VI2Kd44Perbk5x","baxcFZcNdCjqYk1yeeUGlZ","bazTE7L75CtYr15gWesEA6","bbJf3lpctLPojEmumka8t3","bbK8xED11Ch6ns4dmlKnJj","bblYz/CUlEDJK8teZcGqRV","bbq9j62RdISJHxlzrR1oZ0","bcGUDp351GoJ28ePnUK1CJ","bcN/lwlrVGbZQlMCEttmLS","bcqu10469FIoPB34XBMS05","bcr+mKD/hOepW4xmb5lXOI","bdi2Q4p7hNFqXbtbEde9yj","bdw9QQmm5IraqHdNYqqR+F","bd8qF170dLK4HTFwBiJLmU","bfXkyjOn1ACYbduk2QJbzE","bfhEu7DOVLhLwgjLOwsJhs","bfx+/Lo59OBrHNA23vKB8k","c04taa2+pMc62oPiNqYpRN","c07T+lKfZEl5+4CDBmpBXO","c1F8LoLtxBz6u1pi3o4mWo","c1Ilp014FPpYQ3KYJJxvF/","c1VopwKzJHDadF3YiZYoam","c3OCHXE1NF14oF9h/UXRn5","c3VXu9bEhDdKZXDs/2ecTT","c3Ymf076tMYrzgyYaQvhfi","c3v9WeaVtFa47JU/1iFm4/","c3x4kxI8hE8p4EtooVPt04","c33uzxIKdLnIB43LyOWQQq","c48QB613VBQa2f9QAplXe6","c5FM/RtZ1DlJI980iH1tZx","c5bPMKuUtNXbhB2QRo3lqg","c5tv8mjldL3YJdoJRKiRyt","c6FuhJFcFNsbBrnKIVNKs5","c6o2NuEdZI2KMu4P7tur4I","c7oynyOdVGAq3cMRLlSXwf","c73evhTNZB3JJJDug7CZbf","c8ezn2M7RNEpnbB7Fg8xIV","c9NjCKJ29JCIMD4uVg+XTa","c9VDvX739NwZEuiLmSAiMy","c93NyRDOlGj6H0erw/P0fN","cagQQTbyhIAKsZrdeY0iS/","ca2u7U74ZE76fY5POt69CY","ccYivFQxNOdbcHsO3kXVy9","ccmacVB75BeLLmWbzCFOJX","ccyeY3gTFKLYpobkHcnJk5","cdUfTiOJhG/aGIUYlr7mLT","cddxYoVbNO+771ATscWl6C","cdiORlCZ9NT6NIRkQzdZeb","ce4vnl5vRCrIqHOI6QFWyR","cfwJvY3dFOmJkq0ATMYl+G","cf+5ldIPREk4UkxtDX4jDL","d0AR+6czlHvp4/+/rjYJeK","d1H2W7JDZNE7l6z3+M+3KF","d1XNAKTLBJeI3pdgOHZ5zk","d3PHCKkl5Am6DivHG8qAk+","d3XZyPYFZJTZ8dTHaXrKeX","d4KKaloIhMX7k2PZZjodRo","d4P9VJGFdCW6d7cIHDs9Qp","d4uTvO+k9KtrJDLnns3dFB","d46TIZaL5O5r2kFVcOPAXf","d5KMjcZoZL0apIr8o3VS2t","d5Ne2syopNL5yFGuu76xvZ","d6AUjRZP5NaLb+Syr0BynO","d6ah2v9flFJI4sFRpfPFad","d6sF9g1qtNWobzNg43KKNr","d7XmUuuj9CApk72PTlHokp","d8BZMZNuxAfqFd2/D7QnZP","d8ah0sB5hKVLALrDquWuAT","d8dy6ftDlHa6jvifR7FGrC","d8n2l/dcNByZcKO5WVVBAw","d879DawbhIjZ8ByuI395q7","d9HGFlFMVLR6TVYOw81sCn","d9TFRs1GlNLb6+7ycc2/IU","daPlWNa7hD+Li5RmMp0ZIR","dadnWit4tIO4oVOk0kzL5e","dasS10FY9Bc5A05O6uyJm2","dbVaSsPDlOqKDHh/6J/zur","db9Z9sSYhKg7j58Qn6qlzU","ddpOt16vhEmJM4BD6icto2","dds4wGJ3NIc4M/M0DUwvY9","dd3YshHNpBMomkd1IONCY2","de7gYqjSBE45O5Cg+96LKj","de9bbcwMtOb69HHez9jMTI","dfAPQQh0JNMYoc33AU+Cya","dfHQwIIdVEOKYAiTELwRO8","dfflXvGL5H4aW43Z+EM+6D","dfjdBJS0hNLIQR40a04xtP","dfpadkdRlJVpEycThcgtIL","e0rEHsqWlNTK5J1f0afSCz","e05U8d1yJDqIx1OoOOHord","e1yJUihJpMY465YDsPfMcB","e2bvpwZedIdp030rWGRs7M","e4A0fAb85IVqdp0ni0tMT8","e4B9/17x9ARqaPUj3SfJSz","e4DqdSlH9GBZr/58PWQFDZ","e4K4+DPlFOyrwWliObiT9w","e4xc6YwcRE6ql8xtw4SvsR","e49Nbdgq5E6ZUvUiI+zgEN","e5V7EXK0JGQJzo5tTl9cgP","e5XTZ61dpFIbNR7VR+OV2K","e5nkOfwFNAXpBjlcP2oYw0","e5wKl2lUdI/4tq6zYInxUI","e6nTbmUz9Bv4X/gopmg3Gl","e67s4htRtMcYacVTT+AvjB","e76g06UZxPm4PswPpSe4pp","e8DSuENbRIzKKTl8n4oJX6","e8G0pKUjVPxqKwHL8Wj5lX","e8R92bZ5ZFvIqb/rnnvP3v","e8XEjmd/FOU4X3TPg+l7DI","e8iBS3axlON4qa50jGAirV","e8tyLyx3hPZKje6dxWIr0L","e80tSl7RRJoYtvrW8qdNax","e82GRn7N5OuZlcG8aZycLx","e8+1D7SZZFRYhq1iSSqsWW","e9oljAmIlHbbetZZEO041D","e9+0dbxHZKNYRBzWPTVNXV","ea7IWogGJIBpmZh8gVqmVY","ebFeWsP9NPBr89pQ5heW91","ebRZqGDApAbp+1LTnWJvfZ","eberOa4ydBjJ0Tk4n4iM0L","ecE+Dtqx1MTqTu1Ys73p1j","ed5HggV01MVaGmCj0lK5+F","eel+x6TztNboFhiRD6cbXN","eemuVMKaNEN4aJDIVCCz9+","ee3Mq1rl1BILbbcYbRq2V2","efeCabzBVEkbXG2TQ8oolg","efpQ67VKFKwYAaceGgwh51","efsorBhlZFBKbKly/V2f4E","ef0T5pgj1JMorwUvpRlWG9","f0EoAHsIFE2qTqL+VviFBd","f1a9JJEeJEhb+a/OfP+VFz","f2NsGsltZEdK+75xF1T4pC","f2VxmaHZ5Heoji/xJcGvOP","f3F1KKz5pLD4X6Cwzh32Gt","f3GNoUPodMYIbHnam14Q2w","f3Uup8LRtK3LUagYkXdW0p","f3gitZE4dLXYYJ/RyDZXH9","f4NSvYPjRLpJUGKzAQVPGN","f4hJRCMNtFU5HypSonvi4X","f4hqHlW3RIj7S/LW6We7En","f5AxOKXNxHNo7d5hUU2ERT","f5h5RPZd5A3rjY0rvXJ3Sh","f5v6mWUelHxbZV+R9JL81m","f6OTCBYBZGRZJQFQ9JCdaR","f6UENNvVVEibaglS82mdAE","f6lkw0xrNE6LxghHKYRr1h","f7Lx+w2fBJYryZVYEzNo8C","f7gc/z3/JIl4x36EYuCYgD","f7zh6AKcpNWoMJWUxtlUCQ","f8Nj9YUapEnJKW2HY6GYot","f8YtbLr79IXJ8VTjTi7e3f","f8++PYYypCsIXlSjDXhMOa","f9EdScVslLXK1SCORwtOFK","f9Jwtp475CR7TWqid/GFyj","f9U0XLvgFOFoIK3JVUIUjV","f9mMY8XZtOVaeRU9BEqjEZ","f912j1pHlKKLffDYFIXwAH","faDf/o1MdAvr1nBft3P4ef","faI7dPt4VGO5pOw49JVPYA","fbR6L4ysVE9If7BcEKN8QQ","fb62NoteVNF5rQI79PF5ae","fcUyqMqEdDYZbf+iZJyBNC","fcVSdQCRlHV5Lf58YgNB2C","fccWa97UVO+pmzmAD3XIQC","fc4xsq82VP24hYbQBMsW1J","fdGpsadLVO6LKEhlNRs5C6","fd3GUdbi9CtZG64/RXHe5m","feL7tjXqVFfIvN7oyJ+o8Y","feU9/sDD9G8puGtFTeBMpE","feWVxEUPBCVpjkbanmOo2k","fe0lMz+/BG46PjN4ciiD49","ffDU+LKYdPH5ANDx78LItv","ffpCrMD1hAHZilVv1hiFKb","ff2/IcopVNU6Y85zT4EKE9"],"scenes":{},"redirect":[26,0,47,1,200,1,208,1,572,1],"deps":["main","start-scene"],"packs":{},"name":"conf","importBase":"import","nativeBase":"native","debug":false,"isZip":false,"encrypted":false,"versions":{"import":[0,"91931",1,"6680a",2,"a2db4",3,"c7bc0",4,"8a741",5,"1a0c4",6,"a49f3",7,"0fe94",8,"c090e",9,"c5680",10,"6d8b5",11,"3f43f",12,"a076c",13,"a70a2",14,"f4c00",15,"67f19",16,"96dc9",17,"3f2bb",18,"21e79",19,"b5e4b",20,"359f9",21,"4814c",22,"19aa8",23,"6d905",24,"97470",25,"35dfb",27,"562b1",28,"88cd5",29,"f192e",30,"89cb3",31,"a1741",32,"61f05",33,"f4b7e",34,"4fbe8",35,"186ff",36,"de68f",37,"18773",38,"a4a02",39,"65c58",40,"93a24",41,"0767d",42,"18e66",43,"2a643",44,"c0035",45,"a7147",46,"f52fa",48,"2d36c",49,"fe22a",50,"36fff",51,"56f47",52,"88f6a",53,"886cd",54,"fcc53",55,"33ffd",56,"200ce",57,"a4829",58,"8d789",59,"cff85",60,"b7572",61,"35ee7",62,"5f9b2",63,"d514d",64,"e1eb4",65,"df10a",66,"2de70",67,"fa455",68,"20066",69,"a11ef",70,"97af8",71,"b1286",72,"fbac5",73,"37c2a",74,"d87ff",75,"5fe70",76,"106ee",77,"ba359",78,"52a35",79,"ba76b",80,"f1272",81,"c42eb",82,"0eea3",83,"f1ad0",84,"1a99a",85,"65221",86,"6bffa",87,"88c04",88,"15e50",89,"9e737",90,"0d389",91,"66ed1",92,"8b011",93,"4dde1",94,"db7e1",95,"18207",96,"31093",97,"5707a",98,"895f0",99,"eace6",100,"34682",101,"a442f",102,"02a26",103,"b57ed",104,"b355e",105,"4f347",106,"9ce94",107,"245a2",108,"17f53",109,"403f1",110,"cc697",111,"bff16",112,"36189",113,"75d2e",114,"b6019",115,"b956a",116,"a1648",117,"74394",118,"57d2c",119,"8c6f4",120,"62f52",121,"fa821",122,"d5d39",123,"58a6f",124,"a47c9",125,"879a8",126,"cd61e",127,"3b056",128,"296b1",129,"fcd94",130,"022c5",131,"abe86",132,"62f06",133,"77ab3",134,"d220c",135,"53977",136,"67640",137,"298ef",138,"a43cf",139,"45702",140,"fdb98",141,"0ee78",142,"a653e",143,"f2b21",144,"b6786",145,"c190c",146,"57a43",147,"5bc77",148,"276f8",149,"189ab",150,"c8253",151,"97566",152,"26cf7",153,"43b98",154,"e35f2",155,"07df0",156,"a9b56",157,"54e2f",158,"eb2e9",159,"fc789",160,"25852",161,"61503",162,"0955a",163,"66f92",164,"b68c1",165,"d8773",166,"e4dee",167,"96c09",168,"c09c0",169,"f2c26",170,"c16df",171,"3bba9",172,"8d4db",173,"aceb1",174,"3a085",175,"ac3fc",176,"4d523",177,"dbf99",178,"ca4ee",179,"08fdb",180,"fe8d9",181,"5b6cc",182,"81986",183,"a3d2a",184,"70ab7",185,"4b538",186,"bb87e",187,"38210",188,"d2fc6",189,"a7839",190,"777a4",191,"73dd1",192,"7b83a",193,"6034e",194,"79d8e",195,"0631d",196,"4438a",197,"bf60d",198,"06b13",199,"6f3b0",201,"68b5e",202,"ade75",203,"7a825",204,"4fbec",205,"9acca",206,"2cd69",207,"af440",209,"99adf",210,"3064a",211,"fe5e2",212,"652fc",213,"9ff57",214,"0344d",215,"c845c",216,"fc03a",217,"5d54f",218,"d5820",219,"ca736",220,"2b691",221,"5946d",222,"9e3f6",223,"06ff0",224,"2c897",225,"ab56d",226,"c6a15",227,"72875",228,"176a5",229,"4eea5",230,"bde5a",231,"d8b58",232,"adb1a",233,"c68c9",234,"e1d5c",235,"42f29",236,"fb335",237,"73644",238,"8daa1",239,"80b2f",240,"5f0a8",241,"5b714",242,"72daa",243,"5274e",244,"6c43c",245,"e0d62",246,"d8ca5",247,"cd88f",248,"30f2c",249,"8a228",250,"2d519",251,"74147",252,"c7fa5",253,"7627d",254,"e2288",255,"8dd68",256,"c9249",257,"89c26",258,"e1c61",259,"a264c",260,"64435",261,"6ace5",262,"d81c2",263,"82412",264,"2b83c",265,"e7adb",266,"2fe09",267,"124a9",268,"205a3",269,"92d46",270,"21a4b",271,"f669d",272,"022cb",273,"6cfcb",274,"fd873",275,"282e3",276,"1e3fa",277,"91754",278,"005be",279,"5a8d0",280,"673fa",281,"16749",282,"bbbe5",283,"020ec",284,"bab13",285,"1dbbb",286,"bb25d",287,"32c26",288,"30494",289,"37568",290,"f57f3",291,"dc72f",292,"07a49",293,"7771a",294,"5cf98",295,"c203e",296,"59f0f",297,"b218e",298,"03bdb",299,"fa261",300,"c212b",301,"b167b",302,"b11d9",303,"dfa48",304,"d48a9",305,"1c5e5",306,"5fdd5",307,"3df7b",308,"a218f",309,"fe014",310,"3d27d",311,"5229c",312,"1ad11",313,"80597",314,"8e79f",315,"240cc",316,"d063d",317,"6a071",318,"65c13",319,"06815",320,"57030",321,"23c29",322,"ab265",323,"da8b3",324,"d2845",325,"780c9",326,"733ce",327,"7a740",328,"ad560",329,"628a2",330,"da4a9",331,"1a50b",332,"a5b99",333,"713c2",334,"10cf8",335,"f8266",336,"2ead1",337,"77df8",338,"5a1db",339,"10baf",340,"b52b6",341,"7d70d",342,"d965e",343,"cbcd1",344,"1f2f7",345,"3b843",346,"3d53d",347,"4bdc6",348,"4c285",349,"527eb",350,"229f3",351,"067b5",352,"3e2de",353,"ea26f",354,"1483c",355,"3fd95",356,"5b34d",357,"200ba",358,"2bd50",359,"342ab",360,"85f12",361,"80286",362,"47032",363,"24259",364,"21b71",365,"10ed8",366,"db80c",367,"f510f",368,"2c1b6",369,"79ba4",370,"a099c",371,"0591b",372,"50b96",373,"996ce",374,"68f3a",375,"e68ba",376,"74271",377,"947ab",378,"f1b3f",379,"7a5ad",380,"57f9b",381,"3f3c2",382,"5673d",383,"9c102",384,"9e5b8",385,"35555",386,"7c08e",387,"95632",388,"33b77",389,"a7ac6",390,"837ec",391,"d5881",392,"7e4ee",393,"eefe1",394,"a9cd2",395,"9dc0f",396,"7352f",397,"2bf0e",398,"c0c3e",399,"48fc1",400,"406d2",401,"e6a1b",402,"37c4a",403,"8f7ae",404,"846a7",405,"4e8d8",406,"d93ce",407,"f1b2e",408,"6278e",409,"94be0",410,"96b96",411,"828b1",412,"f0f7a",413,"34bef",414,"615b2",415,"43194",416,"8531a",417,"f5c0b",418,"e5565",419,"7eb64",420,"82f2a",421,"f2dc2",422,"16268",423,"6da0d",424,"90ca3",425,"7db18",426,"be24c",427,"246b2",428,"ba311",429,"6db97",430,"7c797",431,"a449e",432,"8a325",433,"c0825",434,"b18f7",435,"41ca7",436,"12bb1",437,"7cff9",438,"bf21b",439,"d9d6b",440,"ea019",441,"e694e",442,"5bb4c",443,"52df8",444,"e3e90",445,"a4032",446,"74e77",447,"89159",448,"65288",449,"eb66f",450,"23d80",451,"477b9",452,"72964",453,"9f538",454,"cae11",455,"e94ba",456,"c1a98",457,"4c6d3",458,"463f6",459,"c4e00",460,"d7547",461,"e8c11",462,"9241b",463,"f9736",464,"6b70f",465,"52ab5",466,"74cb3",467,"14105",468,"cd67c",469,"4e705",470,"2026a",471,"f51a2",472,"616d9",473,"c4a2a",474,"5fa33",475,"a2df6",476,"e664e",477,"09125",478,"60447",479,"db5c2",480,"2ccf8",481,"f56b4",482,"2618a",483,"60598",484,"0d07e",485,"c73b5",486,"54ba6",487,"bfe64",488,"439e6",489,"61551",490,"7d647",491,"18579",492,"b7ff6",493,"1bdac",494,"4d618",495,"52dcd",496,"fd87f",497,"98f40",498,"320ac",499,"eaa39",500,"718ea",501,"5ee30",502,"04305",503,"1bf26",504,"edbd6",505,"a07f0",506,"2c513",507,"64e27",508,"b590d",509,"0e5c2",510,"d4775",511,"f42fb",512,"7c62c",513,"5dd47",514,"b14f7",515,"0df05",516,"01bd8",517,"bf7d1",518,"ff697",519,"c7eab",520,"73a08",521,"b2435",522,"9c631",523,"ed1d8",524,"257ae",525,"7ef1f",526,"8541c",527,"cc161",528,"200e6",529,"bd9cd",530,"34328",531,"84e42",532,"d9d3b",533,"d8e3d",534,"5a61e",535,"db489",536,"effda",537,"3acaf",538,"7ae4f",539,"77060",540,"9abf5",541,"7bc75",542,"0a0ef",543,"b46fc",544,"abf98",545,"ad876",546,"9b50c",547,"0950c",548,"a1539",549,"727c5",550,"dedc0",551,"83d42",552,"01ad7",553,"06749",554,"98200",555,"10ac8",556,"5c552",557,"4b200",558,"bc93d",559,"8c8d8",560,"baafd",561,"d5f36",562,"2fc28",563,"b221f",564,"036b7",565,"8df62",566,"ecb09",567,"8f7a8",568,"16d52",569,"ab829",570,"7f9d8",571,"f1d47",573,"dc3ac",574,"eb30f",575,"93239",576,"c4989",577,"f3940",578,"bc5b4",579,"74f6a",580,"d132e",581,"8980f",582,"a735d",583,"80a42",584,"78619",585,"74376",586,"0ee66",587,"d28ed",588,"cfbcf",589,"e7b41",590,"b6687",591,"0344e",592,"36318",593,"e5190",594,"eef13",595,"7bd11",596,"3bbac",597,"fbc16",598,"7fa3a",599,"7d4d6",600,"75eec",601,"bf1f1",602,"c1cac",603,"644fd",604,"0995c",605,"7712f",606,"2dbed",607,"86ef8",608,"2fd12",609,"691b9",610,"00970",611,"cf21d",612,"2ef0e",613,"7518e",614,"b558e",615,"feb23",616,"fca27",617,"be3cc",618,"d9f5d",619,"cd71d",620,"dd9f5",621,"10584",622,"989fb",623,"0da8c",624,"74272",625,"7156d",626,"3b7c1",627,"c8b18",628,"3f7e9",629,"5fdb5",630,"52871",631,"0d661"],"native":[]}}