[1,["ecpdLyjvZBwrvm+cedCcQy","d9wYgwNO5J257zAKladwqj","dbAytt0zJMH5lfbyPfFOsi","ce00PM/flHob5TEDqUT/9V","e38PbccYlHoaDH1zMOz4s/","9eLwwqJK5FkppS1sj4GLpD","3fgUQ0EDlHibok1hPFZW5a","50Z0pu5mdLgKyqGVD+2Nrt","52FCkSgdFPRK20ROSzM8YD","e9oljAmIlHbbetZZEO041D","13vBOx65NBcrAsLySjx08a","42opJQuXRM+7xkXOzThgZC","20pNEAGl5JGoo4N1huAniY","b6P5WQXm5F34LB3koYbGlW","bbAGy0kotLrojjk7OMeq6S"],["node","_textureSetter","_spriteFrame","scene","_parent","game_config","yingdao_step_info_define_config","local_common_config","local_tuijian_wx"],[["cc.Node",["_name","_id","_active","_components","_contentSize","_trs","_parent","_children","_color"],0,9,5,7,1,2,5],"cc.Texture2D","cc.SpriteFrame",["cc.Sprite",["_sizeMode","_type","_fillRange","node","_materials","_spriteFrame"],0,1,3,6],["cc.Label",["_string","_fontSize","_lineHeight","_N$horizontalAlign","_N$verticalAlign","_styleFlags","node","_materials"],-3,1,3],["cc.JsonAsset",["_name","json"],1],["cc.SceneAsset",["_name","asyncLoadAssets"],1],["cc.Canvas",["_fitWidth","node","_designResolution"],2,1,5],["cc.Widget",["_alignFlags","node"],2,1],["cc.Mask",["_enabled","node","_materials"],2,1,3],["0222e3dkcdABpU+//SFIVbI",["node","game_config","yingdao_step_info_define_config","local_common_config","local_tuijian_wx"],3,1,6,6,6,6],["cc.LabelOutline",["_width","node","_color"],2,1,5],["cc.Scene",["_name","_active","_children","_anchorPoint","_trs"],1,2,5,7],["cc.Camera",["_clearFlags","_depth","node"],1,1]],[[5,0,1,3],[0,0,6,3,4,2],[0,0,6,3,4,5,2],[11,0,1,2,2],[3,3,4,5,1],[4,0,1,2,5,3,4,6,7,7],[6,0,1,3],[0,0,1,7,3,4,5,3],[0,0,6,7,5,2],[0,0,6,3,8,4,5,2],[0,0,2,6,3,4,5,3],[7,0,1,2,2],[8,0,1,2],[9,0,1,2,2],[10,0,1,2,3,4,1],[4,0,1,2,3,4,6,7,6],[12,0,1,2,3,4,3],[13,0,1,2,3],[3,0,3,4,5,2],[3,1,2,3,4,5,3]],[[[[0,"guaishou_xiaochu_tuijian_wx",{"allpingbiguanggao":1,"update_icon_sec":10,"show_icon_pos_show_seq":{},"tuijianweiinfolist":[{"name":"shengli1","showseq":1,"pos_range":[[11000,11999],[42000,42999]],"applist":[{"togameid":"shaonaomukuai","toAppPath":"?wxgamecid=sm1","toName":"烧脑木块","toAppID":"wxab871df21a3d8078","icon":"https://outercoms.zfgame123.com/config/pic/shuzihuarongdao.png","addtiond":"111"},{"togameid":"fengyunxiangqi","toAppPath":"?wxgamecid=sm1","toName":"风云象棋","toAppID":"wxece7e9429381bfbe","icon":"https://outercoms.zfgame123.com/config/xiaojiangshi/pic/fengyunxiangqi.png","addtiond":"111"}]},{"name":"shengli2","showseq":1,"pos_range":[[12000,12999],[41000,41999]],"applist":[{"togameid":"daoyuzhanzheng","toAppPath":"?wxgamecid=sm2","toName":"岛屿战争","toAppID":"wxf7606eb1aadd9a1b","icon":"https://outercoms.zfgame123.com/config/pic/daoyuzhanz.png","addtiond":"111"},{"togameid":"xiaobingdazhanjiangshi","toAppPath":"?wxgamecid=sm2","toName":"小兵大战僵尸","toAppID":"wx553ebd44ec20a9af","icon":"https://outercoms.zfgame123.com/config/xiaojiangshi/pic/xiaobingdazhanjiangshi.png","addtiond":"111"}]},{"name":"领取1","showseq":1,"pos_range":[[22000,22999],[31000,31999]],"applist":[{"togameid":"guaishouifangweizhan","toAppPath":"?wxgamecid=sm2","toName":"怪兽防卫战","toAppID":"wx61653cb69e41c1dc","icon":"https://outercoms.zfgame123.com/config/xiaojiangshi/pic/guaishou.png","addtiond":"111"},{"togameid":"daoyuzhanzheng","toAppPath":"?wxgamecid=sm2","toName":"岛屿战争","toAppID":"wxf7606eb1aadd9a1b","icon":"https://outercoms.zfgame123.com/config/pic/daoyuzhanz.png","addtiond":"111"}]},{"name":"lq2","showseq":1,"pos_range":[[21000,21999],[32000,32999]],"applist":[{"togameid":"shaonaomukuai","toAppPath":"?wxgamecid=sm1","toName":"烧脑木块","toAppID":"wxab871df21a3d8078","icon":"https://outercoms.zfgame123.com/config/pic/shuzihuarongdao.png","addtiond":"111"},{"togameid":"fengyunxiangqi","toAppPath":"?wxgamecid=sm1","toName":"风云象棋","toAppID":"wxece7e9429381bfbe","icon":"https://outercoms.zfgame123.com/config/xiaojiangshi/pic/fengyunxiangqi.png","addtiond":"111"}]},{"name":"gametype_1_inner_list_pos_1","pos":1,"showseq":1,"applist":[{"togameid":"shaonaomukuai","toAppPath":"?wxgamecid=sm1","toName":"烧脑木块","toAppID":"wxab871df21a3d8078","icon":"https://outercoms.zfgame123.com/config/pic/shuzihuarongdao.png","addtiond":"111"},{"togameid":"guaishouifangweizhan","toAppPath":"?wxgamecid=sm2","toName":"怪兽防卫战","toAppID":"wx61653cb69e41c1dc","icon":"https://outercoms.zfgame123.com/config/xiaojiangshi/pic/guaishou.png","addtiond":"111"},{"togameid":"daoyuzhanzheng","toAppPath":"?wxgamecid=sm2","toName":"岛屿战争","toAppID":"wxf7606eb1aadd9a1b","icon":"https://outercoms.zfgame123.com/config/pic/daoyuzhanz.png","addtiond":"111"},{"togameid":"xiaobingdazhanjiangshi","toAppPath":"?wxgamecid=sm2","toName":"小兵大战僵尸","toAppID":"wx553ebd44ec20a9af","icon":"https://outercoms.zfgame123.com/config/xiaojiangshi/pic/xiaobingdazhanjiangshi.png","addtiond":"111"},{"togameid":"fengyunxiangqi","toAppPath":"?wxgamecid=sm1","toName":"风云象棋","toAppID":"wxece7e9429381bfbe","icon":"https://outercoms.zfgame123.com/config/xiaojiangshi/pic/fengyunxiangqi.png","addtiond":"111"}]},{"name":"gametype_1_inner_list_pos_2","pos":2,"applist":[{"togameid":"daoyuzhanzheng","toAppPath":"?wxgamecid=sm2","toName":"岛屿战争","toAppID":"wxf7606eb1aadd9a1b","icon":"https://outercoms.zfgame123.com/config/pic/daoyuzhanz.png","addtiond":"111"},{"togameid":"xiaobingdazhanjiangshi","toAppPath":"?wxgamecid=sm2","toName":"小兵大战僵尸","toAppID":"wx553ebd44ec20a9af","icon":"https://outercoms.zfgame123.com/config/xiaojiangshi/pic/xiaobingdazhanjiangshi.png","addtiond":"111"},{"togameid":"fengyunxiangqi","toAppPath":"?wxgamecid=sm1","toName":"风云象棋","toAppID":"wxece7e9429381bfbe","icon":"https://outercoms.zfgame123.com/config/xiaojiangshi/pic/fengyunxiangqi.png","addtiond":"111"},{"togameid":"guaishouifangweizhan","toAppPath":"?wxgamecid=sm2","toName":"怪兽防卫战","toAppID":"wx61653cb69e41c1dc","icon":"https://outercoms.zfgame123.com/config/xiaojiangshi/pic/guaishou.png","addtiond":"111"},{"togameid":"shaonaomukuai","toAppPath":"?wxgamecid=sm1","toName":"烧脑木块","toAppID":"wxab871df21a3d8078","icon":"https://outercoms.zfgame123.com/config/pic/shuzihuarongdao.png","addtiond":"111"}]},{"name":"dating_inner_list_pos_1","pos":3,"showseq":1,"applist":[{"togameid":"shaonaomukuai","toAppPath":"?wxgamecid=sm1","toName":"烧脑木块","toAppID":"wxab871df21a3d8078","icon":"https://outercoms.zfgame123.com/config/pic/shuzihuarongdao.png","addtiond":"111"},{"togameid":"guaishouifangweizhan","toAppPath":"?wxgamecid=sm2","toName":"怪兽防卫战","toAppID":"wx61653cb69e41c1dc","icon":"https://outercoms.zfgame123.com/config/xiaojiangshi/pic/guaishou.png","addtiond":"111"},{"togameid":"fengyunxiangqi","toAppPath":"?wxgamecid=sm1","toName":"风云象棋","toAppID":"wxece7e9429381bfbe","icon":"https://outercoms.zfgame123.com/config/xiaojiangshi/pic/fengyunxiangqi.png","addtiond":"111"},{"togameid":"daoyuzhanzheng","toAppPath":"?wxgamecid=sm2","toName":"岛屿战争","toAppID":"wxf7606eb1aadd9a1b","icon":"https://outercoms.zfgame123.com/config/pic/daoyuzhanz.png","addtiond":"111"}]},{"name":"dating_inner_list_pos_2","pos":4,"applist":[{"togameid":"daoyuzhanzheng","toAppPath":"?wxgamecid=sm2","toName":"岛屿战争","toAppID":"wxf7606eb1aadd9a1b","icon":"https://outercoms.zfgame123.com/config/pic/daoyuzhanz.png","addtiond":"111"},{"togameid":"xiaobingdazhanjiangshi","toAppPath":"?wxgamecid=sm2","toName":"小兵大战僵尸","toAppID":"wx553ebd44ec20a9af","icon":"https://outercoms.zfgame123.com/config/xiaojiangshi/pic/xiaobingdazhanjiangshi.png","addtiond":"111"},{"togameid":"shaonaomukuai","toAppPath":"?wxgamecid=sm1","toName":"烧脑木块","toAppID":"wxab871df21a3d8078","icon":"https://outercoms.zfgame123.com/config/pic/shuzihuarongdao.png","addtiond":"111"},{"togameid":"fengyunxiangqi","toAppPath":"?wxgamecid=sm1","toName":"风云象棋","toAppID":"wxece7e9429381bfbe","icon":"https://outercoms.zfgame123.com/config/xiaojiangshi/pic/fengyunxiangqi.png","addtiond":"111"}]}]}]],0,0,[],[],[]],[["0,9729,9729,33071,33071,0,0,1",-1],[1],0,[],[],[]],[[{"name":"jindutiao2","rect":[0,0,377,28],"offset":[0,0],"originalSize":[377,28],"capInsets":[0,0,0,0]}],[2],0,[0],[1],[1]],[["0,9729,9729,33071,33071,0,0,1",-1],[1],0,[],[],[]],[[[0,"game_confg",{"gk_tj":[{"gk":1,"t":1,"fen":100},{"gk":2,"t":2,"needcolor":[{"t":1,"c":9}]},{"gk":3,"t":2,"needcolor":[{"t":1,"c":9},{"t":2,"c":9}]},{"gk":4,"t":1,"fen":160},{"gk":5,"t":2,"needcolor":[{"t":1,"c":12},{"t":2,"c":12},{"t":4,"c":12}]},{"gk":6,"t":3,"need_xx":20,"sec":300},{"gk":7,"t":2,"needcolor":[{"t":1,"c":15},{"t":2,"c":15},{"t":3,"c":15}]},{"gk":8,"t":1,"fen":200},{"gk":9,"t":2,"needcolor":[{"t":1,"c":20},{"t":4,"c":20},{"t":6,"c":20}]},{"gk":10,"t":1,"fen":250},{"gk":11,"t":3,"need_xx":30,"sec":600},{"gk":12,"t":1,"fen":300},{"gk":13,"t":1,"fen":350},{"gk":14,"t":3,"need_xx":40,"sec":600},{"gk":15,"t":1,"fen":400}],"chengjiu_main":[{"id":1,"desc":"通关第2关","t":1,"c":2,"jl":[{"t":1,"c":50}]},{"id":2,"desc":"通关第6关","t":1,"c":6,"jl":[{"t":16,"c":1}]},{"id":3,"desc":"通关第10关","t":1,"c":10,"jl":[{"t":12,"c":1}]},{"id":4,"desc":"通关第20关","t":1,"c":20,"jl":[{"t":16,"c":1}]},{"id":5,"desc":"通关第30关","t":1,"c":30,"jl":[{"t":13,"c":2}]},{"id":6,"desc":"通关第50关","t":1,"c":50,"jl":[{"t":16,"c":2}]},{"id":7,"desc":"通关第100关","t":1,"c":100,"jl":[{"t":11,"c":10}]},{"id":8,"desc":"通关第200关","t":1,"c":200,"jl":[{"t":12,"c":2}]},{"id":9,"desc":"通关第500关","t":1,"c":500,"jl":[{"t":16,"c":3}]},{"id":21,"desc":"梦幻花园升级到2级","t":2,"c":2,"jl":[{"t":11,"c":5}]},{"id":22,"desc":"梦幻花园升级到5级","t":2,"c":5,"jl":[{"t":12,"c":2}]},{"id":23,"desc":"梦幻花园升级到10级","t":2,"c":10,"jl":[{"t":13,"c":2}]},{"id":24,"desc":"梦幻花园升级到20级","t":2,"c":20,"jl":[{"t":16,"c":3}]},{"id":25,"desc":"梦幻花园升级到50级","t":2,"c":50,"jl":[{"t":16,"c":5}]},{"id":41,"desc":"存钱罐取款2次","t":3,"c":2,"jl":[{"t":16,"c":1}]},{"id":42,"desc":"存钱罐取款5次","t":3,"c":5,"jl":[{"t":16,"c":1}]},{"id":43,"desc":"存钱罐取款10次","t":3,"c":10,"jl":[{"t":16,"c":1}]},{"id":44,"desc":"存钱罐取款20次","t":3,"c":20,"jl":[{"t":16,"c":2}]},{"id":61,"desc":"星星达到1000","t":4,"c":1000,"jl":[{"t":11,"c":2}]},{"id":62,"desc":"星星达到2000","t":4,"c":2000,"jl":[{"t":12,"c":1}]},{"id":63,"desc":"星星达到5000","t":5,"c":5000,"jl":[{"t":13,"c":1}]},{"id":64,"desc":"星星达到1万","t":5,"c":10000,"jl":[{"t":16,"c":1}]},{"id":65,"desc":"星星达到5万","t":5,"c":50000,"jl":[{"t":16,"c":2}]},{"id":81,"desc":"挑战模式最高分500","t":22,"c":500,"jl":[{"t":1,"c":50}]},{"id":82,"desc":"挑战模式最高分1千","t":22,"c":1000,"jl":[{"t":1,"c":100}]},{"id":83,"desc":"挑战模式最高分2千","t":22,"c":2000,"jl":[{"t":1,"c":200}]},{"id":84,"desc":"挑战模式最高分5千","t":22,"c":5000,"jl":[{"t":1,"c":300}]},{"id":85,"desc":"挑战模式最高分1万","t":22,"c":10000,"jl":[{"t":1,"c":400}]}],"chengjiu_meiri":[{"id":1,"desc":"通关5个关卡","t":11,"c":5,"jl":[{"t":1,"c":50}]},{"id":2,"desc":"通关10个关卡","t":11,"c":10,"jl":[{"t":16,"c":1}]},{"id":3,"desc":"消除花朵500朵","t":6,"c":500,"jl":[{"t":11,"c":1}]},{"id":4,"desc":"消除花朵1000朵","t":6,"c":1000,"jl":[{"t":16,"c":1}]},{"id":5,"desc":"星星增加300","t":7,"c":300,"jl":[{"t":13,"c":1}]},{"id":6,"desc":"星星增加600","t":7,"c":600,"jl":[{"t":16,"c":1}]},{"id":7,"desc":"存钱罐取款2次","t":8,"c":2,"jl":[{"t":12,"c":1}]},{"id":8,"desc":"存钱罐取款5次","t":8,"c":5,"jl":[{"t":16,"c":1}]},{"id":9,"desc":"摇钱树摇钱3次","t":9,"c":3,"jl":[{"t":16,"c":1}]},{"id":10,"desc":"幸运转盘3次","t":10,"c":3,"jl":[{"t":16,"c":1}]},{"id":11,"desc":"幸运转盘5次","t":10,"c":5,"jl":[{"t":16,"c":1}]},{"id":12,"desc":"挑战模式400分以上2次","t":31,"c":2,"jl":[{"t":1,"c":100}]},{"id":13,"desc":"挑战模式600分以上1次","t":32,"c":1,"jl":[{"t":16,"c":1}]},{"id":14,"desc":"挑战模式800分以上1次","t":33,"c":1,"jl":[{"t":16,"c":2}]},{"id":41,"desc":"连消3次以上达到10次","t":43,"c":10,"jl":[{"t":1,"c":50}]},{"id":42,"desc":"连消5次以上达到10次","t":45,"c":10,"jl":[{"t":16,"c":1},{"t":1,"c":50}]},{"id":43,"desc":"连消7次以上达到10次","t":46,"c":10,"jl":[{"t":16,"c":2},{"t":1,"c":100}]},{"id":43,"desc":"连消9次以上达到10次","t":49,"c":10,"jl":[{"t":16,"c":2},{"t":1,"c":100}]}]}]],0,0,[],[],[]],[[[0,"yingdao_step_info",{"ydsteps":{"luosi_paixu_tiaozhan":[{"action":51,"delaypop":0.1,"showtip":"初始化引导的为初始筹码"},{"action":54,"delaypop":0.1,"acm":1,"info":"螺丝点击","showtip":"点击选择"},{"action":61,"delaypop":0.1,"acm":1,"info":"移动1柱子到最上面","showtip":"点击选择"},{"action":99,"delaypop":0.2,"desc":"action -99 - 什么都不干，等待delaypop秒"},{"action":54,"delaypop":0.1,"acm":4,"info":"螺丝点击","showtip":"点击空位移动到该位置"},{"action":62,"delaypop":0.1,"acm":1,"to":4,"info":"移动1柱子到3","showtip":"点击选择"},{"action":54,"delaypop":0.1,"acm":2,"info":"螺丝点击","showtip":"点击选择"},{"action":61,"delaypop":0.1,"acm":2,"info":"移动1柱子到最上面","showtip":"点击选择"},{"action":99,"delaypop":0.2,"desc":"action -99 - 什么都不干，等待delaypop秒"},{"action":54,"delaypop":0.1,"acm":4,"info":"螺丝点击","showtip":"点击相同颜色螺丝移动"},{"action":62,"delaypop":0.1,"acm":2,"to":4,"info":"移动1柱子到3","showtip":"点击选择"},{"action":99,"delaypop":0.2,"desc":"action -99 - 什么都不干，等待delaypop秒"},{"action":54,"delaypop":0.1,"acm":1,"info":"螺丝点击","showtip":"点击选择"},{"action":61,"delaypop":0.1,"acm":1,"info":"移动1柱子到最上面","showtip":"点击选择"},{"action":99,"delaypop":0.2,"desc":"action -99 - 什么都不干，等待delaypop秒"},{"action":54,"delaypop":0.1,"acm":2,"info":"螺丝点击","showtip":"点击相同颜色螺丝移动"},{"action":62,"delaypop":0.1,"acm":1,"to":2,"info":"移动1柱子到2","showtip":"点击选择"},{"action":99,"delaypop":0.6,"desc":"action -99 - 什么都不干，等待delaypop秒"},{"action":34,"delaypop":0.1,"acm":2,"info":"弹出dongh","showtip":"发"},{"action":99,"delaypop":1,"desc":"action -99 - 什么都不干，等待delaypop秒"},{"action":33,"delaypop":0.1,"acm":2,"info":"结束引导","showtip":"发"}],"luosi_hecheng_game_5":[{"action":11,"delaypop":0.1,"showtip":"初始化引导的为初始筹码"},{"action":14,"delaypop":0.1,"acm":1,"info":"螺丝点击","showtip":"点击选择"},{"action":21,"delaypop":0.1,"acm":1,"info":"移动1柱子到最上面","showtip":"点击选择"},{"action":14,"delaypop":0.1,"acm":3,"info":"螺丝点击","showtip":"同颜色数字螺丝放一起哦"},{"action":22,"delaypop":0.1,"acm":1,"to":3,"info":"移动1柱子到3","showtip":"点击选择"},{"action":24,"delaypop":0.1,"acm":3,"info":"准备合成","showtip":"6个相同颜色螺丝,合成下一数字"},{"action":25,"delaypop":0.1,"acm":3,"info":"逻辑合成螺丝","showtip":"合成"},{"action":26,"delaypop":0.1,"acm":1,"info":"引导点击发牌按钮","showtip":"发更多的螺丝"},{"action":27,"delaypop":0.1,"acm":1,"info":"逻辑实际发牌","showtip":"合成"},{"action":14,"delaypop":0.1,"acm":1,"info":"螺丝点击","showtip":"继续合成"},{"action":21,"delaypop":0.1,"acm":1,"info":"移动1柱子到最上面","showtip":""},{"action":14,"delaypop":0.1,"acm":2,"info":"螺丝点击","showtip":""},{"action":22,"delaypop":0.1,"acm":1,"to":2,"info":"移动1柱子到2","showtip":""},{"action":14,"delaypop":0.1,"acm":3,"info":"螺丝点击","showtip":""},{"action":21,"delaypop":0.1,"acm":3,"info":"移动3柱子到最上面","showtip":"点击选择"},{"action":14,"delaypop":0.1,"acm":2,"info":"螺丝点击","showtip":""},{"action":22,"delaypop":0.1,"acm":3,"to":2,"info":"移动3柱子到2","showtip":"点击选择"},{"action":24,"delaypop":0.1,"acm":2,"info":"准备合成","showtip":""},{"action":25,"delaypop":0.1,"acm":2,"info":"逻辑合成螺丝","showtip":"合成"},{"action":99,"delaypop":0.3,"desc":"action -99 - 什么都不干，等待delaypop秒"},{"action":31,"delaypop":0.1,"exitsec":2,"info":"显示关卡合成目标","showtip":"这是本关的合成目标"},{"action":26,"delaypop":0.1,"acm":2,"info":"引导点击发牌按钮","showtip":"发更多的螺丝"},{"action":27,"delaypop":0.1,"acm":2,"info":"逻辑实际发牌","showtip":"发"},{"action":33,"delaypop":0.1,"acm":2,"info":"结束引导","showtip":"发"}],"feiqixipai":[{"action":35,"delaypop":0.1,"acm":2,"info":"引导洗牌","showtip":"洗牌可把牌规整"},{"action":36,"delaypop":0.1,"acm":2,"info":"实际洗牌","showtip":"实际洗牌"},{"action":99,"delaypop":0.3,"desc":"action -99 - 什么都不干，等待delaypop秒"},{"action":34,"delaypop":0.1,"acm":0,"info":"准备合成","showtip":"合成"},{"action":25,"delaypop":0.1,"acm":2,"info":"逻辑合成螺丝","showtip":"合成"},{"action":99,"delaypop":0.3,"desc":"action -99 - 什么都不干，等待delaypop秒"},{"action":26,"delaypop":0.1,"acm":2,"info":"引导点击发牌按钮","showtip":"发更多的螺丝"},{"action":27,"delaypop":0.1,"acm":3,"info":"逻辑实际发牌","showtip":"发"},{"action":99,"delaypop":0.3,"desc":"action -99 - 什么都不干，等待delaypop秒"}],"main_dt_2":[{"action":1,"delaypop":0.1,"showtip":"过关宝箱可以领取了.快去点击领取吧"},{"action":4,"delaypop":0.1,"acm":1,"showtip":"引导点击过关宝箱"},{"action":6,"delaypop":0.1,"acm":1,"showtip":"打开领取"},{"action":1,"delaypop":0.1,"showtip":"完成系统成就任务后可在成就系统领取奖励"},{"action":7,"delaypop":0.1,"acm":1,"showtip":"引导点击成就按钮"},{"action":8,"delaypop":0.1,"acm":1,"showtip":"打开成就弹框","popdlgactionlist":[{"action":99,"delaypop":0.3,"desc":"action -99 - 什么都不干，等待delaypop秒"},{"action":1,"delaypop":0.01,"showtip":"完成了过关奖励成就，点击领取"},{"action":11,"delaypop":0.01,"showtip":"点击主任务第一个领取"},{"action":99,"delaypop":0.2,"desc":"action -99 - 什么都不干，等待delaypop秒"},{"action":12,"delaypop":0.01,"showtip":"点击主任务第一个领取"},{"action":1,"delaypop":0.01,"showtip":"恭喜获得奖励,后续完成任务后请及时来成就领取奖励哦"}]},{"action":99,"delaypop":0.1,"desc":"action -99 - 什么都不干，等待delaypop秒"}],"main_dt_6":[{"action":1,"delaypop":0.1,"showtip":"恭喜解锁梦幻花园,首先领取下种子吧"},{"action":7,"delaypop":0.1,"acm":1,"showtip":"引导点击成就按钮"},{"action":8,"delaypop":0.1,"acm":1,"showtip":"打开成就弹框","popdlgactionlist":[{"action":99,"delaypop":0.3,"desc":"action -99 - 什么都不干，等待delaypop秒"},{"action":1,"delaypop":0.01,"showtip":"完成了过关奖励成就，点击领取"},{"action":11,"delaypop":0.01,"showtip":"滚动到"},{"action":99,"delaypop":0.2,"desc":"action -99 - 什么都不干，等待delaypop秒"},{"action":13,"delaypop":0.01,"showtip":"点击主任务第一个领取"},{"action":1,"delaypop":0.01,"showtip":"恭喜获得种子券，我们快去梦幻花园购买花种吧"},{"action":15,"delaypop":0.01,"showtip":"退出"}]},{"action":21,"delaypop":0.1,"acm":1,"showtip":"引导点击花园"},{"action":22,"delaypop":0.1,"acm":1,"showtip":"打开梦幻花园","popdlgactionlist":[{"action":99,"delaypop":0.3,"desc":"action -99 - 什么都不干，等待delaypop秒"},{"action":1,"delaypop":0.01,"showtip":"装扮我们的花园吧，首先去购买要播种的花吧"},{"action":3,"delaypop":0.01,"showtip":"引导点击播种按钮"},{"action":4,"delaypop":0.01,"showtip":"打开播种弹框","popdlgactionlist":[{"action":99,"delaypop":0.3,"desc":"action -99 - 什么都不干，等待delaypop秒"},{"action":1,"delaypop":0.01,"showtip":"首次购买花一折，我们去买花播种吧"},{"action":11,"delaypop":0.01,"showtip":"滚动到"},{"action":2,"delaypop":0.01,"showtip":"选择第一个花点击"},{"action":3,"delaypop":0.01,"showtip":"购买花成功"},{"action":1,"delaypop":0.01,"showtip":"购买花成功,点击播种吧"},{"action":4,"delaypop":0.01,"showtip":"点击播种按钮"},{"action":5,"delaypop":0.01,"showtip":"播种成功，退出"}]},{"action":5,"delaypop":0.01,"showtip":"确保播种一个花"},{"action":1,"delaypop":0.01,"showtip":"播种成功，我们加速下种子发芽过程吧"},{"action":6,"delaypop":0.01,"showtip":"选择第一个花点击"},{"action":7,"delaypop":0.01,"showtip":"打开加速","popdlgactionlist":[{"action":99,"delaypop":0.3,"desc":"action -99 - 什么都不干，等待delaypop秒"},{"action":1,"delaypop":0.01,"showtip":"点击加速种子的发芽吧"},{"action":99,"delaypop":0.1,"desc":"action -99 - 什么都不干，等待delaypop秒"},{"action":2,"delaypop":0.01,"showtip":"引导点击按钮"},{"action":5,"delaypop":0.01,"showtip":"播种成功"}]},{"action":99,"delaypop":0.3,"desc":"action -99 - 什么都不干，等待delaypop秒"},{"action":1,"delaypop":0.01,"showtip":"我们的花种发芽啦,接下来自行改造花园吧"}]},{"action":99,"delaypop":0.1,"desc":"action -99 - 什么都不干，等待delaypop秒"}]}}]],0,0,[],[],[]],[[[6,"loading",null],[7,"Canvas","a5esZu+45LA5mBpvttspPD",[-5,-6,-7,-8,-9,-10,-11,-12],[[11,true,-1,[5,720,1280]],[12,45,-2],[13,false,-3,[13]],[14,-4,14,15,16,17]],[5,720,1280],[360,640,0,0,0,0,1,1,1,1]],[8,"jindu",1,[-13,-14],[0,-380,0,0,0,0,1,1,1,1]],[2,"prolb",1,[[5,"正在加载",26,26,1,1,1,-15,[10]],[3,2,-16,[4,4290524549]]],[5,108,36.76],[-11.95,-428.136,0,0,0,0,1,1,1,1]],[2,"v",1,[[15,"v:1.97",18,20,1,1,-17,[11]],[3,2,-18,[4,4278190080]]],[5,53,29.2],[0,-518.349,0,0,0,0,1,1,1,1]],[9,"tip",1,[[5,"抵制不良游戏 拒绝盗版游戏 注意自我保护 谨防受骗上当\n适度游戏益脑 沉迷游戏伤身 合理安排时间 享受健康生活",24,26,1,1,1,-19,[12]],[3,2,-20,[4,4278190080]]],[4,4292072403],[5,601,62.76],[0,-587.219,0,0,0,0,1,1,1,1]],[16,"New Node",false,[1],[0,0,0],[0,0,0,0,0,0,1,1,1,1]],[1,"Main Camera",1,[[17,7,-1,-21]],[5,720,1280]],[1,"bj",1,[[18,0,-22,[0],1]],[5,1000,1600]],[10,"logo",false,1,[[4,-23,[2],3]],[5,480,188],[6.338,221.838,0,0,0,0,1,1,1,1]],[2,"guaishoudaxiaochu",1,[[4,-24,[4],5]],[5,435,103],[22.745,405.731,0,0,0,0,1,1,1,1]],[1,"top_tiao_jindu1",2,[[4,-25,[6],7]],[5,387,40]],[1,"loadingtiao",2,[[19,3,0.3,-26,[8],9]],[5,377,28]]],0,[0,0,1,0,0,1,0,0,1,0,0,1,0,-1,7,0,-2,8,0,-3,9,0,-4,10,0,-5,2,0,-6,3,0,-7,4,0,-8,5,0,-1,11,0,-2,12,0,0,3,0,0,3,0,0,4,0,0,4,0,0,5,0,0,5,0,0,7,0,0,8,0,0,9,0,0,10,0,0,11,0,0,12,0,3,6,1,4,6,26],[0,0,0,0,0,0,0,0,0,0,0,0,0,0,0,0,0,0],[-1,2,-1,2,-1,2,-1,2,-1,2,-1,-1,-1,-1,5,6,7,8],[0,2,0,3,0,4,0,5,0,6,0,0,0,0,7,8,9,10]],[[{"name":"jindutiao1","rect":[0,0,387,40],"offset":[0,0],"originalSize":[387,40],"capInsets":[0,0,0,0]}],[2],0,[0],[1],[11]],[["0,9729,9729,33071,33071,0,0,1",-1],[1],0,[],[],[]],[["0,9729,9729,33071,33071,0,0,1",-1],[1],0,[],[],[]],[[{"name":"logo","rect":[0,0,480,188],"offset":[0,0],"originalSize":[480,188],"capInsets":[0,0,0,0]}],[2],0,[0],[1],[12]],[["0,9729,9729,33071,33071,0,0,1",-1],[1],0,[],[],[]],[[{"name":"bj_qingxi","rect":[0,0,720,1280],"offset":[0,0],"originalSize":[720,1280],"capInsets":[0,0,0,0]}],[2],0,[0],[1],[13]],[[{"name":"guaishoudaxiaochu","rect":[0,0,435,103],"offset":[0,0],"originalSize":[435,103],"capInsets":[0,0,0,0]}],[2],0,[0],[1],[14]],[[[0,"guaishou_da_xiaochu_common_config",{"bvalid":1,"in_shenhe_kg":1,"min_valid_version":1.1,"first_enter_dating_hide_qiandao":0,"first_enter_san_xiaoxiao":0,"sanxiaoxiao_game1_tuijianwei_show":1,"sanxiaoxiao_game2_tuijianwei_show":1,"sanxiaoxiao_left_top_gezi_guanggao_can_show":1,"sanxiaoxiao_tiaozhan_use_yangyang_bk_music":0,"sanxiaoxiao_tiaozhan_use_self_bk_music_index":2,"gamesuc_need_guoguang_libao":0,"gezi_need_zidong_shuaxin":0,"gezi_zidong_shuaxin_jiange_sec":33,"banner_need_zidong_shuaxin":1,"banner_zidong_shuaxin_jiange_sec":33,"game_suc_dlg_need_fanhuidating_confirm":1,"game_fail_dlg_need_fanhuidating_confirm":1,"game_pause_dlg_need_fanhuidating_confirm":1,"game_suc_dlg_bottom_show_bannertype":1,"game_fail_dlg_bottom_show_bannertype":1,"gamefail_dlg_need_show_continue_next_dlg":1,"game_inner_bottom_banner_pos_align_bottom":1,"game_inner_bottom_gezi_pos_align_bottom":1,"game_inner_bottom_gezi_or_banner_type3_change_sec":90,"game_inner_bottom_show_banner_or_gezi_type":2,"ppl_guangbi_self_left_tuijianwei":1,"dating_game_enter_need_shiping_jiesuo":1,"dating_shouchong_libao_auto_pop_type":1,"dating_tili_max":60,"dating_tili_hide_all":0,"start_sec_not_kou_tili":120,"regday_unoin_xiaoyu_dest_day_bukou_tili":29001128,"per_game_first_enter_cishu_nei_bukou_tili":3,"longtime_not_play_can_add_max_tili":30,"ingame_play_time_can_add_tili":0,"per_game_perday_first_enter_cishu_nei_bukou_tili":1,"enter_game_perci_sub_tili":3,"goumai_tili_per_ci":30,"qiandao_menu_type":1,"qiandao_dlg_tanchu_type":1,"qiandao_dlg_tanchu_per_guangka":3,"qiandao_dlg_default_gouxuan":1,"qiandao_dlg_next_gouxuan_type":1,"qiandao_start_tick_not_gouxuan_count_sec":1,"qiandao_start_tick_default_gouxuan":1,"fuhuo_dlg_daojishi_end_show_cancel_btn":1,"fuhuo_dlg_daojishi_all_sec":1,"gamesuc_dlg_default_gouxuan":1,"gamesuc_dlg_next_gouxuan_type":1,"gamesuc_dlg_recheck_gouxuan_need_jiange_gk":0,"gamesuc_dlg_first_check_min_gk":2,"gamesuc_dlg_com_lingqu_need_show_gamelingqu_dlg":1,"gamesuccess_start_tick_not_gouxuan_count_sec":1,"gamesuccess_start_tick_default_gouxuan":0,"gamesuc_dlg_delay_show_btn_sec":1.5,"qiandao_dlg_delay_show_btn_sec":2,"gamesuc_lingquwuping_dlg_delay_show_btn_sec":1.2,"gamefail_dlg_delay_show_btn_sec":1.5,"quanpingguangao_dlg_delay_show_btn_sec":1,"shoukanfuli_libao_dlg_delay_show_btn_sec":1.2,"fanhuidating_queren_dlg_delay_show_btn_sec":1.5,"sanxiaoxiao_gamefuhuo_dlg_delay_show_btn_sec":1.2,"sanxiaoxiao_goumaidaoju_dlg_delay_show_btn_sec":1.2,"gamefail_continue_chongwan_dlg_delay_show_btn_sec":1.2,"game_shouci_libao_show_type":2,"game_shouci_libao_show_gk_jiange":3,"banner_gezi_all_default_shuaxin_sec":35,"all_game_banner_mng_time_sec_default":1,"dating_show_gamebtn_caidan_mode":1,"fanhuidating_need_pop_auto_gengduowanfa":1,"dating_hmk_btn_use_liangse":0,"shoukan_fuli_libao_dlg_mode":1,"fanhuidating_queren_dlg_mode":2,"all_paihangbang_hide":0,"all_game_bottom_chaogaoping_show_juzhen_gezi":1,"chaping_min_show_jiange_sec":30,"huamukuai_jiesuo_nandu_need_shiping":0,"dating_bottom_need_show_banner_type":2,"gamesuc_dlg_tuijianwei_show":1,"gamefail_dlg_tuijianwei_show":1,"game_continue_fail_dlg_tuijianwei_show":1,"game_end_lingqu_dlg_tuijianwei_show":1,"dating_mode3_morewanfa_show_mukuai_youxi":0,"watch_video_guangao_qufen_mingxi":1,"watch_video_not_same_need_destroy_prev":0,"hmk_need_finger_yingdao":1,"comdlg_top_show_banner_or_gezi":2,"banner_id_autoshuaxin":[],"special_game_inner_bottom_show_banner_or_gezi_type":[{"i":1,"s":2},{"i":3,"s":2}],"dating_game_need_shiping_jiesuo_subgametypelist":[5,6],"dating_bottom_tip_list":["每个玩法最开始三次进入不扣体力","每个玩法每日第一次进入游戏不扣体力"],"fuhuo_dlg_gametype_show_cancel_btn_sec_conf":[[2,0,2],[3,1,2],[6,1,2],[7,1,2],[12,1,2]],"gamesuc_dlg_gametype_gouxuan_btn_conf":[[131,1,4,4,4],[3,1,1,1,1],[6,1,1,1,1],[7,1,1,1,1],[12,1,1,1,1],[9,1,1,1,1]],"gamesuc_dlg_video_config":{"gamesuc_dlg_default_gouxuan":1,"gamesuc_dlg_next_gouxuan_type":1,"gamesuc_dlg_recheck_gouxuan_need_jiange_gk":4,"gamesuc_dlg_first_check_min_gk":2,"gamesuc_dlg_default_use_menu_type":4,"minsec_jiange_from_last_watch_video_default_check":5,"aotu_uncheck_gouxuan_type":2,"game_end_pop_success_dlg_dealy_sec":3.8,"game_end_need_pop_animate":1,"gametype_rang_gouxuan_btn_conf":[[[1000,1000],1,1,1,1]]},"per_gametype_shouci_libao_pop_delay_sec":[],"range_gametype_shouci_libao_pop_delay_sec":[[[1,1000],0.2]],"per_gametype_shouci_libao_show_type":[[8,0,2]],"loading_scece_show_conf":[{"fall":0,"tall":1,"indexall":1,"show":1,"f":[0],"t":[1],"index":[]},{"fall":0,"tall":0,"indexall":1,"show":0,"f":[3],"t":[3,0],"index":[]},{"fall":1,"tall":0,"indexall":1,"show":0,"f":[],"t":[0],"index":[]},{"fall":0,"tall":0,"indexall":1,"show":0,"f":[1,2,3,4,5,6,7,8,9,10,11,12,103,104,105,106,107,108,109,131,132,133,134,135],"t":[1,2,3,4,5,6,7,8,9,10,11,12,103,104,105,106,107,108,109,131,132,133,134,135],"index":[]}],"loading_to_game_scence_tick_conf":[{"x":500,"d":2000,"i":[0]},{"x":100,"d":2000,"i":[1,2,131,4,5,9,10,11,12,103]},{"x":100,"d":2000,"i":[3,6,7,8]}],"banner_gezi_shuaxin_sec_list":[{"s":35,"i":[66,67,68,88,89,81,82,83,91,66,67,68,88,89,12,13,14,15,51,52,112,113,71,72,73,19,20]},{"s":35,"i":[31,32]}],"banner_gezi_need_pingbi_id_list":[],"banner_manual_destroy_config":[{"sec":36,"ds":3,"c":2,"re":4,"il":[31,32,18,163,95,97,98,61,62,41,42,44,45,56,57,155,161,162,121]}],"speical_game_banner_mng_time_sec":[{"i":0,"s":0.5}],"special_dating_gamebtn_caidan":[{"startday":20230211,"endday":20230315,"mode":1,"tiaozhan_btn_need_cg_gk":0,"morewanfa_btn_need_cg_gk":0}],"enter_game_bk_create_gezi_list":[{"t":0,"l":[[41,2],[42,2]]}],"sanxiaoxiao_daojutype_pershiping_goumai_count":[{"t":0,"c":3},{"t":1,"c":3}],"quanping_gezi_chaiping_config":{"in_shenhe":0,"level_min":2,"min_sec_after_startgame":60,"min_sec_after_reg":60,"min_jiange_sec":60,"manual_deatroy_need_auto_recreate":1,"valid_type_arr":[],"valid_subgametype_range":[[1,1000]],"subgame_level_valid":[{"minl":2,"jiangel":1,"srange":[[1,3],[131,1000]]},{"minl":2,"jiangel":0,"srange":[[4,130]]}],"dating_level_valid":[{"minl":3,"jiangel":1,"srange":[[1,3],[131,1000]]},{"minl":3,"jiangel":0,"srange":[[4,130]]}]},"watch_video_fail_dlg":[{"sec":28,"ntype":[[0,0],[1,100]]},{"sec":30,"ntype":[[101,1000000]]}]}]],0,0,[],[],[]]]]