{
    "deviceOrientation": "portrait",
    "networkTimeout": {
        "request": 5000,
        "connectSocket": 5000,
        "uploadFile": 5000,
        "downloadFile": 5000
    },
    "subpackages": [
        {
            "name": "conf",
            "root": "subpackages/conf"
        },
        {
            "name": "guaishouxiaoxiao",
            "root": "subpackages/guaishouxiaoxiao"
        },
        {
            "name": "guaishou_dating",
            "root": "subpackages/guaishou_dating"
        },
        {
            "name": "image",
            "root": "subpackages/image"
        },
        {
            "name": "loading",
            "root": "subpackages/loading"
        },
        {
            "name": "otherimage",
            "root": "subpackages/otherimage"
        },
        {
            "name": "preab",
            "root": "subpackages/preab"
        },
        {
            "name": "resources",
            "root": "subpackages/resources"
        },
        {
            "name": "zhuangxiu",
            "root": "subpackages/zhuangxiu"
        },
        {
            "name": "main",
            "root": "subpackages/main"
        }
    ]
}