{
    "description": "项目配置文件。",
    "miniprogramRoot": "",
    "setting": {
        "urlCheck": true,
        "es6": true,
        "postcss": true,
        "minified": false,
        "newFeature": false,
        "babelSetting": {
            "ignore": [],
            "disablePlugins": [],
            "outputPath": ""
        }
    },
    "compileType": "game",
    "libVersion": "3.6.3",
    "appid": "wx0718c2639902aedc",
    "projectname": "guaishou_xiaochu_wuguanggao",
    "condition": {},
    "packOptions": {
        "ignore": [],
        "include": []
    },
    "editorSetting": {
        "tabIndent": "insertSpaces",
        "tabSize": 4
    }
}